tier,metric,diff_bin,win_rate,num_samples
IRON,goldDiff,-16000.0,0.0,50
IRON,goldDiff,-14000.0,0.0,70
IRON,goldDiff,-13500.0,0.0,55
IRON,goldDiff,-13000.0,0.0,115
IRON,goldDiff,-12500.0,0.0,180
IRON,goldDiff,-12000.0,0.025,200
IRON,goldDiff,-11500.0,0.0,265
IRON,goldDiff,-11000.0,0.057692307692307696,260
IRON,goldDiff,-10500.0,0.03225806451612903,465
IRON,goldDiff,-10000.0,0.05333333333333334,375
IRON,goldDiff,-9500.0,0.025210084033613446,595
IRON,goldDiff,-9000.0,0.06015037593984962,665
IRON,goldDiff,-8500.0,0.03205128205128205,780
IRON,goldDiff,-8000.0,0.05025125628140704,995
IRON,goldDiff,-7500.0,0.04878048780487805,1025
IRON,goldDiff,-7000.0,0.05405405405405406,1110
IRON,goldDiff,-6500.0,0.07612456747404844,1445
IRON,goldDiff,-6000.0,0.08108108108108109,1480
IRON,goldDiff,-5500.0,0.11684782608695653,1840
IRON,goldDiff,-5000.0,0.14536340852130325,1995
IRON,goldDiff,-4500.0,0.13800904977375567,2210
IRON,goldDiff,-4000.0,0.16289592760180996,2210
IRON,goldDiff,-3500.0,0.19387755102040816,2450
IRON,goldDiff,-3000.0,0.2247191011235955,2670
IRON,goldDiff,-2500.0,0.2785714285714286,2800
IRON,goldDiff,-2000.0,0.3245400902464422,2881
IRON,goldDiff,-1500.0,0.39663865546218485,2975
IRON,goldDiff,-1000.0,0.4511400651465798,3070
IRON,goldDiff,-500.0,0.4946889226100152,3295
IRON,goldDiff,0.0,0.5653409090909091,3520
IRON,goldDiff,500.0,0.5692995529061102,3355
IRON,goldDiff,1000.0,0.642512077294686,3105
IRON,goldDiff,1500.0,0.6537216828478964,3090
IRON,goldDiff,2000.0,0.7281368821292775,2630
IRON,goldDiff,2500.0,0.7632575757575758,2640
IRON,goldDiff,3000.0,0.8008048289738431,2485
IRON,goldDiff,3500.0,0.8488888888888889,2250
IRON,goldDiff,4000.0,0.8632286995515696,2230
IRON,goldDiff,4500.0,0.8926829268292683,2050
IRON,goldDiff,5000.0,0.9118457300275482,1815
IRON,goldDiff,5500.0,0.9258160237388724,1685
IRON,goldDiff,6000.0,0.9131832797427653,1555
IRON,goldDiff,6500.0,0.950207468879668,1205
IRON,goldDiff,7000.0,0.9465020576131687,1215
IRON,goldDiff,7500.0,0.9483568075117371,1065
IRON,goldDiff,8000.0,0.9672131147540983,915
IRON,goldDiff,8500.0,0.9795918367346939,735
IRON,goldDiff,9000.0,0.9929078014184397,705
IRON,goldDiff,9500.0,0.9722222222222222,540
IRON,goldDiff,10000.0,0.9782608695652174,460
IRON,goldDiff,10500.0,1.0,425
IRON,goldDiff,11000.0,0.9782608695652174,230
IRON,goldDiff,11500.0,1.0,190
IRON,goldDiff,12000.0,0.9545454545454546,220
IRON,goldDiff,12500.0,1.0,115
IRON,goldDiff,13000.0,1.0,135
IRON,goldDiff,13500.0,1.0,105
IRON,goldDiff,14000.0,1.0,75
IRON,totalKillDiff,-27.0,0.09090909090909091,55
IRON,totalKillDiff,-26.0,0.0,65
IRON,totalKillDiff,-25.0,0.08333333333333333,120
IRON,totalKillDiff,-24.0,0.1111111111111111,135
IRON,totalKillDiff,-23.0,0.15625,160
IRON,totalKillDiff,-22.0,0.11904761904761904,210
IRON,totalKillDiff,-21.0,0.05454545454545454,275
IRON,totalKillDiff,-20.0,0.09859154929577464,355
IRON,totalKillDiff,-19.0,0.06451612903225806,465
IRON,totalKillDiff,-18.0,0.06060606060606061,495
IRON,totalKillDiff,-17.0,0.06451612903225806,620
IRON,totalKillDiff,-16.0,0.1056338028169014,710
IRON,totalKillDiff,-15.0,0.07792207792207792,770
IRON,totalKillDiff,-14.0,0.04854368932038835,1030
IRON,totalKillDiff,-13.0,0.10426540284360189,1055
IRON,totalKillDiff,-12.0,0.1111111111111111,1485
IRON,totalKillDiff,-11.0,0.1054421768707483,1470
IRON,totalKillDiff,-10.0,0.1744186046511628,1720
IRON,totalKillDiff,-9.0,0.1922141119221411,2055
IRON,totalKillDiff,-8.0,0.19630484988452657,2165
IRON,totalKillDiff,-7.0,0.205761316872428,2430
IRON,totalKillDiff,-6.0,0.2606473594548552,2935
IRON,totalKillDiff,-5.0,0.293015332197615,2935
IRON,totalKillDiff,-4.0,0.3349616189811584,2866
IRON,totalKillDiff,-3.0,0.369281045751634,3060
IRON,totalKillDiff,-2.0,0.38497652582159625,3195
IRON,totalKillDiff,-1.0,0.44818304172274565,3715
IRON,totalKillDiff,0.0,0.5014450867052023,3460
IRON,totalKillDiff,1.0,0.5,3320
IRON,totalKillDiff,2.0,0.5933908045977011,3480
IRON,totalKillDiff,3.0,0.6355421686746988,3320
IRON,totalKillDiff,4.0,0.6944444444444444,3240
IRON,totalKillDiff,5.0,0.7152428810720268,2985
IRON,totalKillDiff,6.0,0.7286689419795221,2930
IRON,totalKillDiff,7.0,0.7928286852589641,2510
IRON,totalKillDiff,8.0,0.7949790794979079,2390
IRON,totalKillDiff,9.0,0.8486842105263158,2280
IRON,totalKillDiff,10.0,0.8626943005181347,1930
IRON,totalKillDiff,11.0,0.9058823529411765,1700
IRON,totalKillDiff,12.0,0.9106529209621993,1455
IRON,totalKillDiff,13.0,0.9157088122605364,1305
IRON,totalKillDiff,14.0,0.9563492063492064,1260
IRON,totalKillDiff,15.0,0.9428571428571428,1050
IRON,totalKillDiff,16.0,0.9715909090909091,880
IRON,totalKillDiff,17.0,0.9645390070921985,705
IRON,totalKillDiff,18.0,0.968503937007874,635
IRON,totalKillDiff,19.0,0.9651162790697675,430
IRON,totalKillDiff,20.0,0.921875,320
IRON,totalKillDiff,21.0,0.9824561403508771,285
IRON,totalKillDiff,22.0,0.9743589743589743,195
IRON,totalKillDiff,23.0,0.9772727272727273,220
IRON,totalKillDiff,24.0,1.0,115
IRON,totalKillDiff,25.0,0.9565217391304348,115
IRON,totalKillDiff,26.0,0.92,125
IRON,totalKillDiff,27.0,1.0,85
IRON,dragonDiff,-4.0,0.1258741258741259,1430
IRON,dragonDiff,-3.0,0.1881298992161254,4465
IRON,dragonDiff,-2.0,0.3059539330725771,11505
IRON,dragonDiff,-1.0,0.3885794763459446,15621
IRON,dragonDiff,0.0,0.5051712992889463,15470
IRON,dragonDiff,1.0,0.663899036864829,15055
IRON,dragonDiff,2.0,0.7613089509143407,10390
IRON,dragonDiff,3.0,0.8294762484774665,4105
IRON,dragonDiff,4.0,0.8501628664495114,1535
IRON,elderDiff,-1.0,0.4146341463414634,410
IRON,elderDiff,0.0,0.5153375012707127,78696
IRON,elderDiff,1.0,0.6883116883116883,385
IRON,heraldDiff,-1.0,0.3854682241140368,25255
IRON,heraldDiff,0.0,0.5220759383183008,27496
IRON,heraldDiff,1.0,0.6318732525629077,26825
IRON,baronDiff,-2.0,0.2847222222222222,720
IRON,baronDiff,-1.0,0.28824626865671643,5360
IRON,baronDiff,0.0,0.5185599152891347,67996
IRON,baronDiff,1.0,0.736734693877551,4900
IRON,baronDiff,2.0,0.7314814814814815,540
IRON,atakhanDiff,-1.0,0.2804794520547945,14600
IRON,atakhanDiff,0.0,0.5164916231484538,51511
IRON,atakhanDiff,1.0,0.7679168213887857,13465
IRON,grubDiff,-6.0,0.36607142857142855,3360
IRON,grubDiff,-4.0,0.29012345679012347,1620
IRON,grubDiff,-3.0,0.4345136518771331,23440
IRON,grubDiff,-2.0,0.48623853211009177,1635
IRON,grubDiff,-1.0,0.4158050221565731,6770
IRON,grubDiff,0.0,0.5060240963855421,3735
IRON,grubDiff,1.0,0.5300957592339262,7310
IRON,grubDiff,2.0,0.6687116564417178,1630
IRON,grubDiff,3.0,0.620137672599894,24551
IRON,grubDiff,4.0,0.6194444444444445,1800
IRON,grubDiff,6.0,0.6346414073071719,3695
IRON,outerTowerDiff,-3.0,0.07587548638132295,2570
IRON,outerTowerDiff,-2.0,0.1411764705882353,6800
IRON,outerTowerDiff,-1.0,0.2669970682674857,14326
IRON,outerTowerDiff,-0.0,0.5086723942292106,30845
IRON,outerTowerDiff,1.0,0.7438162544169611,14150
IRON,outerTowerDiff,2.0,0.8868808567603749,7470
IRON,outerTowerDiff,3.0,0.9428989751098097,3415
IRON,innerTowerDiff,-3.0,0.09584664536741214,3130
IRON,innerTowerDiff,-2.0,0.1689795918367347,6125
IRON,innerTowerDiff,-1.0,0.2687350835322196,10475
IRON,innerTowerDiff,-0.0,0.5187364912372073,38401
IRON,innerTowerDiff,1.0,0.7293369663941871,11010
IRON,innerTowerDiff,2.0,0.8237490664675131,6695
IRON,innerTowerDiff,3.0,0.9157754010695187,3740
IRON,baseTowerDiff,-3.0,0.1317365269461078,835
IRON,baseTowerDiff,-2.0,0.1673076923076923,2600
IRON,baseTowerDiff,-1.0,0.23842432619212164,7235
IRON,baseTowerDiff,-0.0,0.5113596766325179,57396
IRON,baseTowerDiff,1.0,0.7782101167315175,7710
IRON,baseTowerDiff,2.0,0.8833034111310593,2785
IRON,baseTowerDiff,3.0,0.9458128078817734,1015
BRONZE,goldDiff,-15000.0,0.0,50
BRONZE,goldDiff,-14500.0,0.0,80
BRONZE,goldDiff,-14000.0,0.0,90
BRONZE,goldDiff,-13500.0,0.0,65
BRONZE,goldDiff,-13000.0,0.0,165
BRONZE,goldDiff,-12500.0,0.041666666666666664,120
BRONZE,goldDiff,-12000.0,0.024390243902439025,205
BRONZE,goldDiff,-11500.0,0.038461538461538464,260
BRONZE,goldDiff,-11000.0,0.0,340
BRONZE,goldDiff,-10500.0,0.013888888888888888,360
BRONZE,goldDiff,-10000.0,0.030612244897959183,490
BRONZE,goldDiff,-9500.0,0.03333333333333333,450
BRONZE,goldDiff,-9000.0,0.0425531914893617,705
BRONZE,goldDiff,-8500.0,0.08917197452229299,785
BRONZE,goldDiff,-8000.0,0.039603960396039604,1010
BRONZE,goldDiff,-7500.0,0.05603448275862069,1160
BRONZE,goldDiff,-7000.0,0.07462686567164178,1005
BRONZE,goldDiff,-6500.0,0.06844106463878327,1315
BRONZE,goldDiff,-6000.0,0.11301369863013698,1460
BRONZE,goldDiff,-5500.0,0.0764525993883792,1635
BRONZE,goldDiff,-5000.0,0.15,1900
BRONZE,goldDiff,-4500.0,0.16666666666666666,2160
BRONZE,goldDiff,-4000.0,0.16122004357298475,2295
BRONZE,goldDiff,-3500.0,0.2288135593220339,2360
BRONZE,goldDiff,-3000.0,0.21388367729831145,2665
BRONZE,goldDiff,-2500.0,0.31227436823104693,2770
BRONZE,goldDiff,-2000.0,0.3685950413223141,3025
BRONZE,goldDiff,-1500.0,0.35809806835066865,3365
BRONZE,goldDiff,-1000.0,0.46635367762128327,3195
BRONZE,goldDiff,-500.0,0.49255952380952384,3360
BRONZE,goldDiff,0.0,0.5546099290780142,3525
BRONZE,goldDiff,500.0,0.6037735849056604,3445
BRONZE,goldDiff,1000.0,0.623688155922039,3335
BRONZE,goldDiff,1500.0,0.6935483870967742,3410
BRONZE,goldDiff,2000.0,0.7207792207792207,3080
BRONZE,goldDiff,2500.0,0.7852998065764023,2585
BRONZE,goldDiff,3000.0,0.8137432188065099,2765
BRONZE,goldDiff,3500.0,0.8108108108108109,2405
BRONZE,goldDiff,4000.0,0.862144420131291,2285
BRONZE,goldDiff,4500.0,0.8878281622911695,2095
BRONZE,goldDiff,5000.0,0.8737373737373737,1980
BRONZE,goldDiff,5500.0,0.8803680981595092,1630
BRONZE,goldDiff,6000.0,0.8996655518394648,1495
BRONZE,goldDiff,6500.0,0.9186046511627907,1290
BRONZE,goldDiff,7000.0,0.9678899082568807,1090
BRONZE,goldDiff,7500.0,0.9660194174757282,1030
BRONZE,goldDiff,8000.0,0.9738562091503268,765
BRONZE,goldDiff,8500.0,0.959349593495935,615
BRONZE,goldDiff,9000.0,0.975609756097561,615
BRONZE,goldDiff,9500.0,1.0,395
BRONZE,goldDiff,10000.0,1.0,360
BRONZE,goldDiff,10500.0,0.9466666666666667,375
BRONZE,goldDiff,11000.0,1.0,305
BRONZE,goldDiff,11500.0,0.98,250
BRONZE,goldDiff,12000.0,0.95,200
BRONZE,goldDiff,12500.0,1.0,115
BRONZE,goldDiff,13000.0,1.0,105
BRONZE,goldDiff,13500.0,1.0,75
BRONZE,totalKillDiff,-27.0,0.0,60
BRONZE,totalKillDiff,-25.0,0.05263157894736842,95
BRONZE,totalKillDiff,-24.0,0.047619047619047616,105
BRONZE,totalKillDiff,-23.0,0.0,155
BRONZE,totalKillDiff,-22.0,0.023255813953488372,215
BRONZE,totalKillDiff,-21.0,0.022222222222222223,225
BRONZE,totalKillDiff,-20.0,0.03773584905660377,265
BRONZE,totalKillDiff,-19.0,0.05405405405405406,370
BRONZE,totalKillDiff,-18.0,0.042105263157894736,475
BRONZE,totalKillDiff,-17.0,0.08029197080291971,685
BRONZE,totalKillDiff,-16.0,0.04938271604938271,810
BRONZE,totalKillDiff,-15.0,0.0718954248366013,765
BRONZE,totalKillDiff,-14.0,0.08433734939759036,830
BRONZE,totalKillDiff,-13.0,0.0861244019138756,1045
BRONZE,totalKillDiff,-12.0,0.08391608391608392,1430
BRONZE,totalKillDiff,-11.0,0.14726027397260275,1460
BRONZE,totalKillDiff,-10.0,0.16939890710382513,1830
BRONZE,totalKillDiff,-9.0,0.1825,2000
BRONZE,totalKillDiff,-8.0,0.17330210772833723,2135
BRONZE,totalKillDiff,-7.0,0.22574257425742575,2525
BRONZE,totalKillDiff,-6.0,0.22598870056497175,2655
BRONZE,totalKillDiff,-5.0,0.3027681660899654,2890
BRONZE,totalKillDiff,-4.0,0.3278955954323002,3065
BRONZE,totalKillDiff,-3.0,0.39555555555555555,3375
BRONZE,totalKillDiff,-2.0,0.4408759124087591,3425
BRONZE,totalKillDiff,-1.0,0.4776536312849162,3580
BRONZE,totalKillDiff,0.0,0.5288831835686778,3895
BRONZE,totalKillDiff,1.0,0.5955983493810179,3635
BRONZE,totalKillDiff,2.0,0.6090775988286969,3415
BRONZE,totalKillDiff,3.0,0.6617862371888726,3415
BRONZE,totalKillDiff,4.0,0.6841294298921418,3245
BRONZE,totalKillDiff,5.0,0.7026194144838213,3245
BRONZE,totalKillDiff,6.0,0.7871621621621622,2960
BRONZE,totalKillDiff,7.0,0.7640449438202247,2670
BRONZE,totalKillDiff,8.0,0.7842003853564548,2595
BRONZE,totalKillDiff,9.0,0.8130630630630631,2220
BRONZE,totalKillDiff,10.0,0.8380952380952381,2100
BRONZE,totalKillDiff,11.0,0.8208092485549133,1730
BRONZE,totalKillDiff,12.0,0.8557692307692307,1560
BRONZE,totalKillDiff,13.0,0.8904593639575972,1415
BRONZE,totalKillDiff,14.0,0.8716814159292036,1130
BRONZE,totalKillDiff,15.0,0.895,1000
BRONZE,totalKillDiff,16.0,0.8741721854304636,755
BRONZE,totalKillDiff,17.0,0.9426229508196722,610
BRONZE,totalKillDiff,18.0,0.9572649572649573,585
BRONZE,totalKillDiff,19.0,0.9361702127659575,470
BRONZE,totalKillDiff,20.0,0.9571428571428572,350
BRONZE,totalKillDiff,21.0,0.96,250
BRONZE,totalKillDiff,22.0,0.8444444444444444,225
BRONZE,totalKillDiff,23.0,0.9722222222222222,180
BRONZE,totalKillDiff,24.0,0.9545454545454546,110
BRONZE,totalKillDiff,25.0,1.0,110
BRONZE,totalKillDiff,26.0,0.8823529411764706,85
BRONZE,dragonDiff,-4.0,0.09333333333333334,1500
BRONZE,dragonDiff,-3.0,0.16666666666666666,4680
BRONZE,dragonDiff,-2.0,0.27969174977334543,11030
BRONZE,dragonDiff,-1.0,0.4005708848715509,15765
BRONZE,dragonDiff,0.0,0.5302325581395348,16125
BRONZE,dragonDiff,1.0,0.6533463287849253,15390
BRONZE,dragonDiff,2.0,0.7642621404997643,10605
BRONZE,dragonDiff,3.0,0.8571428571428571,4340
BRONZE,dragonDiff,4.0,0.9073359073359073,1295
BRONZE,elderDiff,-1.0,0.28,250
BRONZE,elderDiff,0.0,0.5195129566031845,80075
BRONZE,elderDiff,1.0,0.6666666666666666,345
BRONZE,heraldDiff,-1.0,0.3839875631558492,25730
BRONZE,heraldDiff,0.0,0.5228076708247998,26855
BRONZE,heraldDiff,1.0,0.6397228637413395,28145
BRONZE,baronDiff,-3.0,0.36363636363636365,55
BRONZE,baronDiff,-2.0,0.3375796178343949,785
BRONZE,baronDiff,-1.0,0.3127147766323024,5820
BRONZE,baronDiff,0.0,0.521806167400881,68100
BRONZE,baronDiff,1.0,0.7122774133083412,5335
BRONZE,baronDiff,2.0,0.768595041322314,605
BRONZE,atakhanDiff,-1.0,0.29560336763330214,16035
BRONZE,atakhanDiff,0.0,0.5212453098063077,49305
BRONZE,atakhanDiff,1.0,0.7462638076673165,15390
BRONZE,grubDiff,-6.0,0.4155844155844156,1540
BRONZE,grubDiff,-4.0,0.43010752688172044,930
BRONZE,grubDiff,-3.0,0.4331668331668332,25025
BRONZE,grubDiff,-2.0,0.5572916666666666,960
BRONZE,grubDiff,-1.0,0.42697327532628965,8045
BRONZE,grubDiff,0.0,0.5090543259557344,2485
BRONZE,grubDiff,1.0,0.547085201793722,8920
BRONZE,grubDiff,2.0,0.5643153526970954,1205
BRONZE,grubDiff,3.0,0.6024568274879829,28085
BRONZE,grubDiff,4.0,0.6985294117647058,1360
BRONZE,grubDiff,6.0,0.6365740740740741,2160
BRONZE,outerTowerDiff,-3.0,0.07243816254416961,2830
BRONZE,outerTowerDiff,-2.0,0.14074074074074075,6750
BRONZE,outerTowerDiff,-1.0,0.2738450074515648,13420
BRONZE,outerTowerDiff,-0.0,0.5175410872313527,31640
BRONZE,outerTowerDiff,1.0,0.7437459910198846,15590
BRONZE,outerTowerDiff,2.0,0.8439620081411127,7370
BRONZE,outerTowerDiff,3.0,0.9281150159744409,3130
BRONZE,innerTowerDiff,-3.0,0.09208400646203554,3095
BRONZE,innerTowerDiff,-2.0,0.17284991568296795,5930
BRONZE,innerTowerDiff,-1.0,0.28942213516160625,10210
BRONZE,innerTowerDiff,-0.0,0.5226841905724757,39565
BRONZE,innerTowerDiff,1.0,0.7195442594215601,11410
BRONZE,innerTowerDiff,2.0,0.7959183673469388,6860
BRONZE,innerTowerDiff,3.0,0.9043715846994536,3660
BRONZE,baseTowerDiff,-3.0,0.11042944785276074,815
BRONZE,baseTowerDiff,-2.0,0.14388489208633093,2780
BRONZE,baseTowerDiff,-1.0,0.24416909620991253,6860
BRONZE,baseTowerDiff,-0.0,0.5198331630915901,58740
BRONZE,baseTowerDiff,1.0,0.7724094087730451,7865
BRONZE,baseTowerDiff,2.0,0.8417132216014898,2685
BRONZE,baseTowerDiff,3.0,0.9035532994923858,985
SILVER,goldDiff,-14500.0,0.0,55
SILVER,goldDiff,-14000.0,0.0,75
SILVER,goldDiff,-13500.0,0.0,90
SILVER,goldDiff,-13000.0,0.0,135
SILVER,goldDiff,-12500.0,0.0,145
SILVER,goldDiff,-12000.0,0.0,210
SILVER,goldDiff,-11500.0,0.02,250
SILVER,goldDiff,-11000.0,0.01639344262295082,305
SILVER,goldDiff,-10500.0,0.03225806451612903,310
SILVER,goldDiff,-10000.0,0.010526315789473684,475
SILVER,goldDiff,-9500.0,0.0,530
SILVER,goldDiff,-9000.0,0.02654867256637168,565
SILVER,goldDiff,-8500.0,0.031446540880503145,795
SILVER,goldDiff,-8000.0,0.03932584269662921,890
SILVER,goldDiff,-7500.0,0.07511737089201878,1065
SILVER,goldDiff,-7000.0,0.06746031746031746,1260
SILVER,goldDiff,-6500.0,0.06418918918918919,1480
SILVER,goldDiff,-6000.0,0.1038961038961039,1540
SILVER,goldDiff,-5500.0,0.12162162162162163,1850
SILVER,goldDiff,-5000.0,0.12694300518134716,1930
SILVER,goldDiff,-4500.0,0.15265486725663716,2260
SILVER,goldDiff,-4000.0,0.16780045351473924,2205
SILVER,goldDiff,-3500.0,0.19960861056751467,2555
SILVER,goldDiff,-3000.0,0.27566539923954375,2630
SILVER,goldDiff,-2500.0,0.2775974025974026,3080
SILVER,goldDiff,-2000.0,0.3089171974522293,3140
SILVER,goldDiff,-1500.0,0.3546423135464231,3285
SILVER,goldDiff,-1000.0,0.43525741029641185,3205
SILVER,goldDiff,-500.0,0.48625180897250364,3455
SILVER,goldDiff,0.0,0.5101763907734057,3685
SILVER,goldDiff,500.0,0.6287671232876713,3650
SILVER,goldDiff,1000.0,0.6236559139784946,3255
SILVER,goldDiff,1500.0,0.676126878130217,2995
SILVER,goldDiff,2000.0,0.7087542087542088,2970
SILVER,goldDiff,2500.0,0.7431506849315068,2920
SILVER,goldDiff,3000.0,0.7682481751824818,2740
SILVER,goldDiff,3500.0,0.8413361169102297,2395
SILVER,goldDiff,4000.0,0.8466386554621849,2380
SILVER,goldDiff,4500.0,0.85785536159601,2005
SILVER,goldDiff,5000.0,0.8958333333333334,1920
SILVER,goldDiff,5500.0,0.901840490797546,1630
SILVER,goldDiff,6000.0,0.9111111111111111,1350
SILVER,goldDiff,6500.0,0.921875,1280
SILVER,goldDiff,7000.0,0.9530516431924883,1065
SILVER,goldDiff,7500.0,0.9711538461538461,1040
SILVER,goldDiff,8000.0,0.9675324675324676,770
SILVER,goldDiff,8500.0,0.9788732394366197,710
SILVER,goldDiff,9000.0,0.9914529914529915,585
SILVER,goldDiff,9500.0,0.941747572815534,515
SILVER,goldDiff,10000.0,0.9777777777777777,450
SILVER,goldDiff,10500.0,0.9871794871794872,390
SILVER,goldDiff,11000.0,1.0,275
SILVER,goldDiff,11500.0,1.0,225
SILVER,goldDiff,12000.0,1.0,175
SILVER,goldDiff,12500.0,0.9615384615384616,130
SILVER,goldDiff,13000.0,1.0,95
SILVER,goldDiff,13500.0,1.0,105
SILVER,goldDiff,14000.0,1.0,65
SILVER,totalKillDiff,-27.0,0.1,50
SILVER,totalKillDiff,-25.0,0.05,100
SILVER,totalKillDiff,-24.0,0.0,80
SILVER,totalKillDiff,-23.0,0.0,145
SILVER,totalKillDiff,-22.0,0.0,170
SILVER,totalKillDiff,-21.0,0.03636363636363636,275
SILVER,totalKillDiff,-20.0,0.03508771929824561,285
SILVER,totalKillDiff,-19.0,0.08333333333333333,360
SILVER,totalKillDiff,-18.0,0.0673076923076923,520
SILVER,totalKillDiff,-17.0,0.0625,640
SILVER,totalKillDiff,-16.0,0.078125,640
SILVER,totalKillDiff,-15.0,0.07453416149068323,805
SILVER,totalKillDiff,-14.0,0.11538461538461539,1040
SILVER,totalKillDiff,-13.0,0.11392405063291139,1185
SILVER,totalKillDiff,-12.0,0.11827956989247312,1395
SILVER,totalKillDiff,-11.0,0.1144578313253012,1660
SILVER,totalKillDiff,-10.0,0.1462140992167102,1915
SILVER,totalKillDiff,-9.0,0.1715686274509804,2040
SILVER,totalKillDiff,-8.0,0.1676190476190476,2625
SILVER,totalKillDiff,-7.0,0.2485207100591716,2535
SILVER,totalKillDiff,-6.0,0.22423146473779385,2765
SILVER,totalKillDiff,-5.0,0.282793867120954,2935
SILVER,totalKillDiff,-4.0,0.35735735735735735,3330
SILVER,totalKillDiff,-3.0,0.3472429210134128,3355
SILVER,totalKillDiff,-2.0,0.425,3600
SILVER,totalKillDiff,-1.0,0.46121883656509693,3610
SILVER,totalKillDiff,0.0,0.5058214747736093,3865
SILVER,totalKillDiff,1.0,0.5618131868131868,3640
SILVER,totalKillDiff,2.0,0.5890227576974565,3735
SILVER,totalKillDiff,3.0,0.6638297872340425,3525
SILVER,totalKillDiff,4.0,0.6884057971014492,3450
SILVER,totalKillDiff,5.0,0.718801996672213,3005
SILVER,totalKillDiff,6.0,0.7219512195121951,3075
SILVER,totalKillDiff,7.0,0.7435387673956262,2515
SILVER,totalKillDiff,8.0,0.8015564202334631,2570
SILVER,totalKillDiff,9.0,0.8386363636363636,2200
SILVER,totalKillDiff,10.0,0.8733850129198967,1935
SILVER,totalKillDiff,11.0,0.8858024691358025,1620
SILVER,totalKillDiff,12.0,0.8485915492957746,1420
SILVER,totalKillDiff,13.0,0.9031007751937985,1290
SILVER,totalKillDiff,14.0,0.9074074074074074,1080
SILVER,totalKillDiff,15.0,0.9333333333333333,900
SILVER,totalKillDiff,16.0,0.910828025477707,785
SILVER,totalKillDiff,17.0,0.916083916083916,715
SILVER,totalKillDiff,18.0,0.8969072164948454,485
SILVER,totalKillDiff,19.0,0.9512195121951219,410
SILVER,totalKillDiff,20.0,1.0,365
SILVER,totalKillDiff,21.0,0.9814814814814815,270
SILVER,totalKillDiff,22.0,1.0,155
SILVER,totalKillDiff,23.0,0.9333333333333333,150
SILVER,totalKillDiff,24.0,1.0,135
SILVER,totalKillDiff,25.0,1.0,110
SILVER,totalKillDiff,26.0,1.0,90
SILVER,dragonDiff,-4.0,0.12923076923076923,1625
SILVER,dragonDiff,-3.0,0.1835032437442076,5395
SILVER,dragonDiff,-2.0,0.2860073861304883,12185
SILVER,dragonDiff,-1.0,0.4030534351145038,16375
SILVER,dragonDiff,0.0,0.5204587724736516,16130
SILVER,dragonDiff,1.0,0.6435045317220544,14895
SILVER,dragonDiff,2.0,0.7532663316582915,9950
SILVER,dragonDiff,3.0,0.890745501285347,3890
SILVER,dragonDiff,4.0,0.9388489208633094,1390
SILVER,elderDiff,-1.0,0.3064516129032258,310
SILVER,elderDiff,0.0,0.5074912140082619,81095
SILVER,elderDiff,1.0,0.6578947368421053,380
SILVER,heraldDiff,-1.0,0.3761398176291793,26320
SILVER,heraldDiff,0.0,0.5161229846269216,26670
SILVER,heraldDiff,1.0,0.6193447737909517,28845
SILVER,baronDiff,-3.0,0.25,120
SILVER,baronDiff,-2.0,0.2553191489361702,705
SILVER,baronDiff,-1.0,0.2586352148272957,5935
SILVER,baronDiff,0.0,0.5121172543897837,68910
SILVER,baronDiff,1.0,0.7315068493150685,5475
SILVER,baronDiff,2.0,0.72,625
SILVER,atakhanDiff,-1.0,0.2905504857226965,16985
SILVER,atakhanDiff,0.0,0.5147389969293756,48850
SILVER,atakhanDiff,1.0,0.715625,16000
SILVER,grubDiff,-6.0,0.3187250996015936,1255
SILVER,grubDiff,-4.0,0.3728813559322034,590
SILVER,grubDiff,-3.0,0.4296021840873635,25640
SILVER,grubDiff,-2.0,0.45121951219512196,820
SILVER,grubDiff,-1.0,0.4558139534883721,8600
SILVER,grubDiff,0.0,0.4843373493975904,2075
SILVER,grubDiff,1.0,0.5633008713480266,9755
SILVER,grubDiff,2.0,0.455026455026455,945
SILVER,grubDiff,3.0,0.5711395819285232,29660
SILVER,grubDiff,4.0,0.6081871345029239,855
SILVER,grubDiff,6.0,0.7431192660550459,1635
SILVER,outerTowerDiff,-3.0,0.08333333333333333,2880
SILVER,outerTowerDiff,-2.0,0.1433640880056778,7045
SILVER,outerTowerDiff,-1.0,0.2933664420007095,14095
SILVER,outerTowerDiff,-0.0,0.4906467977171845,31540
SILVER,outerTowerDiff,1.0,0.723041625696493,15255
SILVER,outerTowerDiff,2.0,0.8539397821909033,7805
SILVER,outerTowerDiff,3.0,0.9253499222395023,3215
SILVER,innerTowerDiff,-3.0,0.10122699386503067,3260
SILVER,innerTowerDiff,-2.0,0.17405582922824303,6090
SILVER,innerTowerDiff,-1.0,0.27624576681180457,10335
SILVER,innerTowerDiff,-0.0,0.5122582234815819,40585
SILVER,innerTowerDiff,1.0,0.7098821396192203,11030
SILVER,innerTowerDiff,2.0,0.7792792792792793,6660
SILVER,innerTowerDiff,3.0,0.896774193548387,3875
SILVER,baseTowerDiff,-3.0,0.18947368421052632,950
SILVER,baseTowerDiff,-2.0,0.126,2500
SILVER,baseTowerDiff,-1.0,0.2192916352675207,6635
SILVER,baseTowerDiff,-0.0,0.5105523495465787,60650
SILVER,baseTowerDiff,1.0,0.7487989018531228,7285
SILVER,baseTowerDiff,2.0,0.8300536672629696,2795
SILVER,baseTowerDiff,3.0,0.8235294117647058,1020
GOLD,goldDiff,-15000.0,0.0,55
GOLD,goldDiff,-14500.0,0.0,55
GOLD,goldDiff,-14000.0,0.0625,80
GOLD,goldDiff,-13500.0,0.0,95
GOLD,goldDiff,-13000.0,0.07692307692307693,130
GOLD,goldDiff,-12500.0,0.0,145
GOLD,goldDiff,-12000.0,0.0,130
GOLD,goldDiff,-11500.0,0.023255813953488372,215
GOLD,goldDiff,-11000.0,0.0,265
GOLD,goldDiff,-10500.0,0.011764705882352941,425
GOLD,goldDiff,-10000.0,0.020833333333333332,480
GOLD,goldDiff,-9500.0,0.026785714285714284,560
GOLD,goldDiff,-9000.0,0.0425531914893617,705
GOLD,goldDiff,-8500.0,0.08588957055214724,815
GOLD,goldDiff,-8000.0,0.04678362573099415,855
GOLD,goldDiff,-7500.0,0.05405405405405406,925
GOLD,goldDiff,-7000.0,0.07234042553191489,1175
GOLD,goldDiff,-6500.0,0.06227106227106227,1365
GOLD,goldDiff,-6000.0,0.08626198083067092,1565
GOLD,goldDiff,-5500.0,0.09970674486803519,1705
GOLD,goldDiff,-5000.0,0.1534090909090909,1760
GOLD,goldDiff,-4500.0,0.15328467153284672,2055
GOLD,goldDiff,-4000.0,0.2009132420091324,2190
GOLD,goldDiff,-3500.0,0.19389978213507625,2295
GOLD,goldDiff,-3000.0,0.28316831683168314,2525
GOLD,goldDiff,-2500.0,0.29541284403669726,2725
GOLD,goldDiff,-2000.0,0.31333333333333335,3000
GOLD,goldDiff,-1500.0,0.3726993865030675,3260
GOLD,goldDiff,-1000.0,0.4107692307692308,3250
GOLD,goldDiff,-500.0,0.44542772861356933,3390
GOLD,goldDiff,0.0,0.5457025920873124,3665
GOLD,goldDiff,500.0,0.5766526019690577,3555
GOLD,goldDiff,1000.0,0.6109375,3200
GOLD,goldDiff,1500.0,0.6793388429752066,3025
GOLD,goldDiff,2000.0,0.7080645161290322,3100
GOLD,goldDiff,2500.0,0.7611111111111111,2700
GOLD,goldDiff,3000.0,0.7996323529411765,2720
GOLD,goldDiff,3500.0,0.8280922431865828,2385
GOLD,goldDiff,4000.0,0.8542600896860987,2230
GOLD,goldDiff,4500.0,0.875,1960
GOLD,goldDiff,5000.0,0.8778409090909091,1760
GOLD,goldDiff,5500.0,0.9223300970873787,1545
GOLD,goldDiff,6000.0,0.9388489208633094,1390
GOLD,goldDiff,6500.0,0.9395161290322581,1240
GOLD,goldDiff,7000.0,0.9527896995708155,1165
GOLD,goldDiff,7500.0,0.9576719576719577,945
GOLD,goldDiff,8000.0,0.9743589743589743,780
GOLD,goldDiff,8500.0,0.9806451612903225,775
GOLD,goldDiff,9000.0,0.9818181818181818,550
GOLD,goldDiff,9500.0,0.9642857142857143,420
GOLD,goldDiff,10000.0,0.9883720930232558,430
GOLD,goldDiff,10500.0,0.9846153846153847,325
GOLD,goldDiff,11000.0,1.0,260
GOLD,goldDiff,11500.0,1.0,245
GOLD,goldDiff,12000.0,1.0,145
GOLD,goldDiff,12500.0,1.0,140
GOLD,goldDiff,13000.0,1.0,105
GOLD,goldDiff,13500.0,1.0,75
GOLD,goldDiff,14000.0,1.0,60
GOLD,goldDiff,14500.0,1.0,60
GOLD,totalKillDiff,-24.0,0.0,135
GOLD,totalKillDiff,-23.0,0.0,135
GOLD,totalKillDiff,-22.0,0.037037037037037035,135
GOLD,totalKillDiff,-21.0,0.0,190
GOLD,totalKillDiff,-20.0,0.05555555555555555,270
GOLD,totalKillDiff,-19.0,0.04819277108433735,415
GOLD,totalKillDiff,-18.0,0.03896103896103896,385
GOLD,totalKillDiff,-17.0,0.052083333333333336,480
GOLD,totalKillDiff,-16.0,0.05785123966942149,605
GOLD,totalKillDiff,-15.0,0.07514450867052024,865
GOLD,totalKillDiff,-14.0,0.10526315789473684,950
GOLD,totalKillDiff,-13.0,0.11158798283261803,1165
GOLD,totalKillDiff,-12.0,0.12295081967213115,1220
GOLD,totalKillDiff,-11.0,0.10457516339869281,1530
GOLD,totalKillDiff,-10.0,0.14887640449438203,1780
GOLD,totalKillDiff,-9.0,0.1674641148325359,2090
GOLD,totalKillDiff,-8.0,0.18444444444444444,2250
GOLD,totalKillDiff,-7.0,0.22088353413654618,2490
GOLD,totalKillDiff,-6.0,0.2623574144486692,2630
GOLD,totalKillDiff,-5.0,0.27677100494233936,3035
GOLD,totalKillDiff,-4.0,0.29874213836477986,3180
GOLD,totalKillDiff,-3.0,0.37590711175616837,3445
GOLD,totalKillDiff,-2.0,0.3873343151693667,3395
GOLD,totalKillDiff,-1.0,0.4878048780487805,3690
GOLD,totalKillDiff,0.0,0.5151098901098901,3640
GOLD,totalKillDiff,1.0,0.5314787701317716,3415
GOLD,totalKillDiff,2.0,0.5994397759103641,3570
GOLD,totalKillDiff,3.0,0.6570188133140377,3455
GOLD,totalKillDiff,4.0,0.6458635703918723,3445
GOLD,totalKillDiff,5.0,0.7445742904841403,2995
GOLD,totalKillDiff,6.0,0.7598499061913696,2665
GOLD,totalKillDiff,7.0,0.7932203389830509,2950
GOLD,totalKillDiff,8.0,0.8087649402390438,2510
GOLD,totalKillDiff,9.0,0.8372641509433962,2120
GOLD,totalKillDiff,10.0,0.8467336683417085,1990
GOLD,totalKillDiff,11.0,0.8579387186629527,1795
GOLD,totalKillDiff,12.0,0.8951310861423221,1335
GOLD,totalKillDiff,13.0,0.9224489795918367,1225
GOLD,totalKillDiff,14.0,0.915929203539823,1130
GOLD,totalKillDiff,15.0,0.9505494505494505,910
GOLD,totalKillDiff,16.0,0.9125,800
GOLD,totalKillDiff,17.0,0.9186991869918699,615
GOLD,totalKillDiff,18.0,0.9285714285714286,560
GOLD,totalKillDiff,19.0,0.948051948051948,385
GOLD,totalKillDiff,20.0,0.9454545454545454,275
GOLD,totalKillDiff,21.0,0.9375,240
GOLD,totalKillDiff,22.0,0.96875,160
GOLD,totalKillDiff,23.0,0.972972972972973,185
GOLD,totalKillDiff,24.0,0.9473684210526315,95
GOLD,totalKillDiff,25.0,1.0,85
GOLD,dragonDiff,-4.0,0.060790273556231005,1645
GOLD,dragonDiff,-3.0,0.1589793915603533,5095
GOLD,dragonDiff,-2.0,0.28187372708757635,12275
GOLD,dragonDiff,-1.0,0.4051314539119417,15785
GOLD,dragonDiff,0.0,0.53344,15625
GOLD,dragonDiff,1.0,0.6673662119622246,14295
GOLD,dragonDiff,2.0,0.7832020997375329,9525
GOLD,dragonDiff,3.0,0.8833967046894804,3945
GOLD,dragonDiff,4.0,0.9177489177489178,1155
GOLD,elderDiff,-1.0,0.47619047619047616,210
GOLD,elderDiff,0.0,0.5125736365363907,78935
GOLD,elderDiff,1.0,0.45454545454545453,165
GOLD,heraldDiff,-1.0,0.37106382978723407,23500
GOLD,heraldDiff,0.0,0.5196940726577438,26150
GOLD,heraldDiff,1.0,0.6174440141437952,29695
GOLD,baronDiff,-3.0,0.46153846153846156,65
GOLD,baronDiff,-2.0,0.33093525179856115,695
GOLD,baronDiff,-1.0,0.276937618147448,5290
GOLD,baronDiff,0.0,0.5147309833024118,67375
GOLD,baronDiff,1.0,0.7179732313575525,5230
GOLD,baronDiff,2.0,0.7073170731707317,615
GOLD,baronDiff,3.0,0.7,50
GOLD,atakhanDiff,-1.0,0.2991556091676719,16580
GOLD,atakhanDiff,0.0,0.5148109243697478,47600
GOLD,atakhanDiff,1.0,0.737223870755028,15165
GOLD,grubDiff,-6.0,0.4189189189189189,740
GOLD,grubDiff,-4.0,0.4461538461538462,325
GOLD,grubDiff,-3.0,0.44021853330531624,23795
GOLD,grubDiff,-2.0,0.42990654205607476,535
GOLD,grubDiff,-1.0,0.44683136412459723,9310
GOLD,grubDiff,0.0,0.5230263157894737,1520
GOLD,grubDiff,1.0,0.52329360780065,9230
GOLD,grubDiff,2.0,0.5645161290322581,620
GOLD,grubDiff,3.0,0.5800865800865801,31185
GOLD,grubDiff,4.0,0.6172839506172839,810
GOLD,grubDiff,6.0,0.596078431372549,1275
GOLD,outerTowerDiff,-3.0,0.06902356902356903,2970
GOLD,outerTowerDiff,-2.0,0.14783927217589082,6595
GOLD,outerTowerDiff,-1.0,0.29721921271217044,13845
GOLD,outerTowerDiff,-0.0,0.49270256668344237,29805
GOLD,outerTowerDiff,1.0,0.7136150234741784,14910
GOLD,outerTowerDiff,2.0,0.8770700636942675,7850
GOLD,outerTowerDiff,3.0,0.9317507418397626,3370
GOLD,innerTowerDiff,-3.0,0.09302325581395349,3010
GOLD,innerTowerDiff,-2.0,0.17125110913930788,5635
GOLD,innerTowerDiff,-1.0,0.29358261748357756,9895
GOLD,innerTowerDiff,-0.0,0.5140601874691663,40540
GOLD,innerTowerDiff,1.0,0.7118072289156626,10375
GOLD,innerTowerDiff,2.0,0.804140127388535,6280
GOLD,innerTowerDiff,3.0,0.8919667590027701,3610
GOLD,baseTowerDiff,-3.0,0.13380281690140844,710
GOLD,baseTowerDiff,-2.0,0.16851441241685144,2255
GOLD,baseTowerDiff,-1.0,0.21926910299003322,6020
GOLD,baseTowerDiff,-0.0,0.5115913230667329,60390
GOLD,baseTowerDiff,1.0,0.7613469985358712,6830
GOLD,baseTowerDiff,2.0,0.8703703703703703,2430
GOLD,baseTowerDiff,3.0,0.9014084507042254,710
PLATINUM,goldDiff,-15000.0,0.0,90
PLATINUM,goldDiff,-14500.0,0.0,55
PLATINUM,goldDiff,-14000.0,0.0,55
PLATINUM,goldDiff,-13500.0,0.05555555555555555,90
PLATINUM,goldDiff,-13000.0,0.05555555555555555,90
PLATINUM,goldDiff,-12500.0,0.0,155
PLATINUM,goldDiff,-12000.0,0.02564102564102564,195
PLATINUM,goldDiff,-11500.0,0.0,340
PLATINUM,goldDiff,-11000.0,0.0136986301369863,365
PLATINUM,goldDiff,-10500.0,0.0410958904109589,365
PLATINUM,goldDiff,-10000.0,0.047619047619047616,420
PLATINUM,goldDiff,-9500.0,0.030534351145038167,655
PLATINUM,goldDiff,-9000.0,0.027522935779816515,545
PLATINUM,goldDiff,-8500.0,0.055944055944055944,715
PLATINUM,goldDiff,-8000.0,0.049723756906077346,905
PLATINUM,goldDiff,-7500.0,0.04591836734693878,980
PLATINUM,goldDiff,-7000.0,0.08368200836820083,1195
PLATINUM,goldDiff,-6500.0,0.09219858156028368,1410
PLATINUM,goldDiff,-6000.0,0.1258741258741259,1430
PLATINUM,goldDiff,-5500.0,0.103125,1600
PLATINUM,goldDiff,-5000.0,0.12266666666666666,1875
PLATINUM,goldDiff,-4500.0,0.12873563218390804,2175
PLATINUM,goldDiff,-4000.0,0.22391304347826088,2300
PLATINUM,goldDiff,-3500.0,0.19540229885057472,2175
PLATINUM,goldDiff,-3000.0,0.2099009900990099,2525
PLATINUM,goldDiff,-2500.0,0.2693726937269373,2710
PLATINUM,goldDiff,-2000.0,0.3121869782971619,2995
PLATINUM,goldDiff,-1500.0,0.3510971786833856,3190
PLATINUM,goldDiff,-1000.0,0.4045307443365696,3090
PLATINUM,goldDiff,-500.0,0.48868175765645805,3755
PLATINUM,goldDiff,0.0,0.5411931818181818,3520
PLATINUM,goldDiff,500.0,0.5321637426900585,3420
PLATINUM,goldDiff,1000.0,0.6126760563380281,2840
PLATINUM,goldDiff,1500.0,0.7122040072859745,2745
PLATINUM,goldDiff,2000.0,0.7367458866544789,2735
PLATINUM,goldDiff,2500.0,0.7586206896551724,2610
PLATINUM,goldDiff,3000.0,0.7669172932330827,2660
PLATINUM,goldDiff,3500.0,0.8497757847533632,2230
PLATINUM,goldDiff,4000.0,0.8611825192802056,1945
PLATINUM,goldDiff,4500.0,0.9058171745152355,1805
PLATINUM,goldDiff,5000.0,0.8938053097345132,1695
PLATINUM,goldDiff,5500.0,0.899135446685879,1735
PLATINUM,goldDiff,6000.0,0.9298892988929889,1355
PLATINUM,goldDiff,6500.0,0.9494163424124513,1285
PLATINUM,goldDiff,7000.0,0.9737991266375546,1145
PLATINUM,goldDiff,7500.0,0.9754601226993865,815
PLATINUM,goldDiff,8000.0,0.9530201342281879,745
PLATINUM,goldDiff,8500.0,0.9454545454545454,550
PLATINUM,goldDiff,9000.0,0.9827586206896551,580
PLATINUM,goldDiff,9500.0,1.0,485
PLATINUM,goldDiff,10000.0,1.0,460
PLATINUM,goldDiff,10500.0,1.0,295
PLATINUM,goldDiff,11000.0,1.0,280
PLATINUM,goldDiff,11500.0,0.9767441860465116,215
PLATINUM,goldDiff,12000.0,1.0,175
PLATINUM,goldDiff,12500.0,1.0,125
PLATINUM,goldDiff,13000.0,1.0,95
PLATINUM,goldDiff,13500.0,1.0,65
PLATINUM,goldDiff,14000.0,1.0,55
PLATINUM,totalKillDiff,-26.0,0.0,50
PLATINUM,totalKillDiff,-25.0,0.0,60
PLATINUM,totalKillDiff,-24.0,0.0,145
PLATINUM,totalKillDiff,-23.0,0.0,95
PLATINUM,totalKillDiff,-22.0,0.0,155
PLATINUM,totalKillDiff,-21.0,0.023809523809523808,210
PLATINUM,totalKillDiff,-20.0,0.015625,320
PLATINUM,totalKillDiff,-19.0,0.06451612903225806,310
PLATINUM,totalKillDiff,-18.0,0.10101010101010101,495
PLATINUM,totalKillDiff,-17.0,0.10638297872340426,470
PLATINUM,totalKillDiff,-16.0,0.03278688524590164,610
PLATINUM,totalKillDiff,-15.0,0.04878048780487805,820
PLATINUM,totalKillDiff,-14.0,0.09547738693467336,995
PLATINUM,totalKillDiff,-13.0,0.08267716535433071,1270
PLATINUM,totalKillDiff,-12.0,0.08270676691729323,1330
PLATINUM,totalKillDiff,-11.0,0.1118421052631579,1520
PLATINUM,totalKillDiff,-10.0,0.15384615384615385,1755
PLATINUM,totalKillDiff,-9.0,0.16911764705882354,2040
PLATINUM,totalKillDiff,-8.0,0.2170212765957447,2350
PLATINUM,totalKillDiff,-7.0,0.22937625754527163,2485
PLATINUM,totalKillDiff,-6.0,0.25905797101449274,2760
PLATINUM,totalKillDiff,-5.0,0.27835051546391754,2910
PLATINUM,totalKillDiff,-4.0,0.3102409638554217,3320
PLATINUM,totalKillDiff,-3.0,0.3746268656716418,3350
PLATINUM,totalKillDiff,-2.0,0.4050632911392405,3555
PLATINUM,totalKillDiff,-1.0,0.4327666151468315,3235
PLATINUM,totalKillDiff,0.0,0.5037369207772795,3345
PLATINUM,totalKillDiff,1.0,0.548431105047749,3665
PLATINUM,totalKillDiff,2.0,0.5962099125364432,3430
PLATINUM,totalKillDiff,3.0,0.6402535657686212,3155
PLATINUM,totalKillDiff,4.0,0.6502384737678856,3145
PLATINUM,totalKillDiff,5.0,0.7061769616026711,2995
PLATINUM,totalKillDiff,6.0,0.7696526508226691,2735
PLATINUM,totalKillDiff,7.0,0.7677902621722846,2670
PLATINUM,totalKillDiff,8.0,0.810752688172043,2325
PLATINUM,totalKillDiff,9.0,0.8705583756345178,1970
PLATINUM,totalKillDiff,10.0,0.8636363636363636,2090
PLATINUM,totalKillDiff,11.0,0.886435331230284,1585
PLATINUM,totalKillDiff,12.0,0.9057971014492754,1380
PLATINUM,totalKillDiff,13.0,0.9543568464730291,1205
PLATINUM,totalKillDiff,14.0,0.9368932038834952,1030
PLATINUM,totalKillDiff,15.0,0.9176470588235294,850
PLATINUM,totalKillDiff,16.0,0.9148936170212766,705
PLATINUM,totalKillDiff,17.0,0.9278350515463918,485
PLATINUM,totalKillDiff,18.0,0.9512195121951219,410
PLATINUM,totalKillDiff,19.0,0.9821428571428571,280
PLATINUM,totalKillDiff,20.0,0.9682539682539683,315
PLATINUM,totalKillDiff,21.0,0.9787234042553191,235
PLATINUM,totalKillDiff,22.0,0.967741935483871,155
PLATINUM,totalKillDiff,23.0,1.0,150
PLATINUM,totalKillDiff,24.0,0.9333333333333333,75
PLATINUM,totalKillDiff,26.0,1.0,70
PLATINUM,dragonDiff,-4.0,0.13753581661891118,1745
PLATINUM,dragonDiff,-3.0,0.17867719644619942,5065
PLATINUM,dragonDiff,-2.0,0.279766860949209,12010
PLATINUM,dragonDiff,-1.0,0.4094681832154934,16265
PLATINUM,dragonDiff,0.0,0.5255186038854133,15185
PLATINUM,dragonDiff,1.0,0.6471901749162635,13435
PLATINUM,dragonDiff,2.0,0.7885998893193138,9035
PLATINUM,dragonDiff,3.0,0.8657342657342657,3575
PLATINUM,dragonDiff,4.0,0.8743718592964824,995
PLATINUM,elderDiff,-1.0,0.375,240
PLATINUM,elderDiff,0.0,0.5037109375,76800
PLATINUM,elderDiff,1.0,0.5869565217391305,230
PLATINUM,heraldDiff,-1.0,0.3650140723100238,23095
PLATINUM,heraldDiff,0.0,0.5056158017041054,25820
PLATINUM,heraldDiff,1.0,0.6143687268885367,28395
PLATINUM,baronDiff,-2.0,0.30303030303030304,660
PLATINUM,baronDiff,-1.0,0.2952952952952953,4995
PLATINUM,baronDiff,0.0,0.5032472436187887,66210
PLATINUM,baronDiff,1.0,0.723092998955068,4785
PLATINUM,baronDiff,2.0,0.7166666666666667,600
PLATINUM,atakhanDiff,-1.0,0.2891263356379635,15910
PLATINUM,atakhanDiff,0.0,0.5049695415197178,46785
PLATINUM,atakhanDiff,1.0,0.7324666438590489,14615
PLATINUM,grubDiff,-6.0,0.425,1000
PLATINUM,grubDiff,-4.0,0.5631067961165048,515
PLATINUM,grubDiff,-3.0,0.4203521703521704,24420
PLATINUM,grubDiff,-2.0,0.30357142857142855,560
PLATINUM,grubDiff,-1.0,0.4565826330532213,8925
PLATINUM,grubDiff,0.0,0.4844961240310077,1290
PLATINUM,grubDiff,1.0,0.5222288085358625,8435
PLATINUM,grubDiff,2.0,0.5723270440251572,795
PLATINUM,grubDiff,3.0,0.5787162162162162,29600
PLATINUM,grubDiff,4.0,0.45098039215686275,510
PLATINUM,grubDiff,6.0,0.6825396825396826,1260
PLATINUM,outerTowerDiff,-3.0,0.0945273631840796,3015
PLATINUM,outerTowerDiff,-2.0,0.1501072194424589,6995
PLATINUM,outerTowerDiff,-1.0,0.26274228284278534,13930
PLATINUM,outerTowerDiff,-0.0,0.4927687750479178,28695
PLATINUM,outerTowerDiff,1.0,0.7415406767458603,13890
PLATINUM,outerTowerDiff,2.0,0.8527284681130834,7605
PLATINUM,outerTowerDiff,3.0,0.9465408805031447,3180
PLATINUM,innerTowerDiff,-3.0,0.09785932721712538,3270
PLATINUM,innerTowerDiff,-2.0,0.17012089810017272,5790
PLATINUM,innerTowerDiff,-1.0,0.29660574412532636,9575
PLATINUM,innerTowerDiff,-0.0,0.49753445441901634,39545
PLATINUM,innerTowerDiff,1.0,0.7230070635721494,9910
PLATINUM,innerTowerDiff,2.0,0.8302828618968386,6010
PLATINUM,innerTowerDiff,3.0,0.9205607476635514,3210
PLATINUM,baseTowerDiff,-3.0,0.08661417322834646,635
PLATINUM,baseTowerDiff,-2.0,0.14096916299559473,2270
PLATINUM,baseTowerDiff,-1.0,0.22372881355932203,5900
PLATINUM,baseTowerDiff,-0.0,0.4997039668442866,59115
PLATINUM,baseTowerDiff,1.0,0.7890196078431373,6375
PLATINUM,baseTowerDiff,2.0,0.8725701943844493,2315
PLATINUM,baseTowerDiff,3.0,0.9214285714285714,700
EMERALD,goldDiff,-14500.0,0.0,75
EMERALD,goldDiff,-14000.0,0.0625,80
EMERALD,goldDiff,-13500.0,0.0,75
EMERALD,goldDiff,-13000.0,0.038461538461538464,130
EMERALD,goldDiff,-12500.0,0.05263157894736842,95
EMERALD,goldDiff,-12000.0,0.0,170
EMERALD,goldDiff,-11500.0,0.01694915254237288,295
EMERALD,goldDiff,-11000.0,0.034482758620689655,290
EMERALD,goldDiff,-10500.0,0.014285714285714285,350
EMERALD,goldDiff,-10000.0,0.01020408163265306,490
EMERALD,goldDiff,-9500.0,0.010638297872340425,470
EMERALD,goldDiff,-9000.0,0.03289473684210526,760
EMERALD,goldDiff,-8500.0,0.04895104895104895,715
EMERALD,goldDiff,-8000.0,0.027932960893854747,895
EMERALD,goldDiff,-7500.0,0.043478260869565216,1035
EMERALD,goldDiff,-7000.0,0.04411764705882353,1020
EMERALD,goldDiff,-6500.0,0.06741573033707865,1335
EMERALD,goldDiff,-6000.0,0.09398496240601503,1330
EMERALD,goldDiff,-5500.0,0.07836990595611286,1595
EMERALD,goldDiff,-5000.0,0.0945945945945946,1850
EMERALD,goldDiff,-4500.0,0.13902439024390245,2050
EMERALD,goldDiff,-4000.0,0.1853546910755149,2185
EMERALD,goldDiff,-3500.0,0.19875776397515527,2415
EMERALD,goldDiff,-3000.0,0.20634920634920634,2520
EMERALD,goldDiff,-2500.0,0.2591240875912409,2740
EMERALD,goldDiff,-2000.0,0.31686541737649065,2935
EMERALD,goldDiff,-1500.0,0.33164983164983164,2970
EMERALD,goldDiff,-1000.0,0.43414634146341463,3075
EMERALD,goldDiff,-500.0,0.48661417322834644,3175
EMERALD,goldDiff,0.0,0.5030487804878049,3280
EMERALD,goldDiff,500.0,0.5454545454545454,3025
EMERALD,goldDiff,1000.0,0.5972696245733788,2930
EMERALD,goldDiff,1500.0,0.659468438538206,3010
EMERALD,goldDiff,2000.0,0.6992753623188406,2760
EMERALD,goldDiff,2500.0,0.7494824016563147,2415
EMERALD,goldDiff,3000.0,0.7876712328767124,2190
EMERALD,goldDiff,3500.0,0.7952941176470588,2125
EMERALD,goldDiff,4000.0,0.8530805687203792,2110
EMERALD,goldDiff,4500.0,0.8629737609329446,1715
EMERALD,goldDiff,5000.0,0.8885542168674698,1660
EMERALD,goldDiff,5500.0,0.896797153024911,1405
EMERALD,goldDiff,6000.0,0.9253731343283582,1340
EMERALD,goldDiff,6500.0,0.9369369369369369,1110
EMERALD,goldDiff,7000.0,0.9680851063829787,940
EMERALD,goldDiff,7500.0,0.9717514124293786,885
EMERALD,goldDiff,8000.0,0.9659090909090909,880
EMERALD,goldDiff,8500.0,0.9354838709677419,620
EMERALD,goldDiff,9000.0,0.9663865546218487,595
EMERALD,goldDiff,9500.0,1.0,410
EMERALD,goldDiff,10000.0,0.9857142857142858,350
EMERALD,goldDiff,10500.0,1.0,295
EMERALD,goldDiff,11000.0,0.9772727272727273,220
EMERALD,goldDiff,11500.0,0.972972972972973,185
EMERALD,goldDiff,12000.0,1.0,185
EMERALD,goldDiff,12500.0,0.9565217391304348,115
EMERALD,goldDiff,13000.0,1.0,85
EMERALD,goldDiff,14000.0,1.0,85
EMERALD,totalKillDiff,-24.0,0.0,55
EMERALD,totalKillDiff,-23.0,0.05263157894736842,95
EMERALD,totalKillDiff,-22.0,0.04,125
EMERALD,totalKillDiff,-21.0,0.022727272727272728,220
EMERALD,totalKillDiff,-20.0,0.05,300
EMERALD,totalKillDiff,-19.0,0.03333333333333333,300
EMERALD,totalKillDiff,-18.0,0.06521739130434782,460
EMERALD,totalKillDiff,-17.0,0.08333333333333333,480
EMERALD,totalKillDiff,-16.0,0.05755395683453238,695
EMERALD,totalKillDiff,-15.0,0.044585987261146494,785
EMERALD,totalKillDiff,-14.0,0.0670391061452514,895
EMERALD,totalKillDiff,-13.0,0.06103286384976526,1065
EMERALD,totalKillDiff,-12.0,0.08076923076923077,1300
EMERALD,totalKillDiff,-11.0,0.09615384615384616,1560
EMERALD,totalKillDiff,-10.0,0.1572700296735905,1685
EMERALD,totalKillDiff,-9.0,0.18055555555555555,1800
EMERALD,totalKillDiff,-8.0,0.17848970251716248,2185
EMERALD,totalKillDiff,-7.0,0.21756487025948104,2505
EMERALD,totalKillDiff,-6.0,0.2244165170556553,2785
EMERALD,totalKillDiff,-5.0,0.29983792544570503,3085
EMERALD,totalKillDiff,-4.0,0.32432432432432434,3145
EMERALD,totalKillDiff,-3.0,0.3449367088607595,3160
EMERALD,totalKillDiff,-2.0,0.41350210970464135,3555
EMERALD,totalKillDiff,-1.0,0.424483306836248,3145
EMERALD,totalKillDiff,0.0,0.46370370370370373,3375
EMERALD,totalKillDiff,1.0,0.5140449438202247,3560
EMERALD,totalKillDiff,2.0,0.5921450151057401,3310
EMERALD,totalKillDiff,3.0,0.6173020527859238,3410
EMERALD,totalKillDiff,4.0,0.6595744680851063,2820
EMERALD,totalKillDiff,5.0,0.6682692307692307,3120
EMERALD,totalKillDiff,6.0,0.7505154639175258,2425
EMERALD,totalKillDiff,7.0,0.79957805907173,2370
EMERALD,totalKillDiff,8.0,0.7396963123644251,2305
EMERALD,totalKillDiff,9.0,0.8315789473684211,1900
EMERALD,totalKillDiff,10.0,0.8558823529411764,1700
EMERALD,totalKillDiff,11.0,0.9122807017543859,1425
EMERALD,totalKillDiff,12.0,0.890625,1280
EMERALD,totalKillDiff,13.0,0.8884297520661157,1210
EMERALD,totalKillDiff,14.0,0.9543147208121827,985
EMERALD,totalKillDiff,15.0,0.9411764705882353,765
EMERALD,totalKillDiff,16.0,0.9153846153846154,650
EMERALD,totalKillDiff,17.0,0.940677966101695,590
EMERALD,totalKillDiff,18.0,0.9814814814814815,270
EMERALD,totalKillDiff,19.0,0.9344262295081968,305
EMERALD,totalKillDiff,20.0,0.9642857142857143,280
EMERALD,totalKillDiff,21.0,0.9534883720930233,215
EMERALD,totalKillDiff,22.0,0.9722222222222222,180
EMERALD,totalKillDiff,23.0,0.95,100
EMERALD,totalKillDiff,24.0,1.0,60
EMERALD,dragonDiff,-4.0,0.09119496855345911,1590
EMERALD,dragonDiff,-3.0,0.1647940074906367,5340
EMERALD,dragonDiff,-2.0,0.2797761790567546,12510
EMERALD,dragonDiff,-1.0,0.39710053577056414,15865
EMERALD,dragonDiff,0.0,0.5484435117173837,14295
EMERALD,dragonDiff,1.0,0.6546734454438795,12785
EMERALD,dragonDiff,2.0,0.74487895716946,8055
EMERALD,dragonDiff,3.0,0.8233387358184765,3085
EMERALD,dragonDiff,4.0,0.8475609756097561,820
EMERALD,elderDiff,-1.0,0.18421052631578946,190
EMERALD,elderDiff,0.0,0.4886140955469964,73995
EMERALD,elderDiff,1.0,0.5,140
EMERALD,heraldDiff,-1.0,0.3205591708845505,20745
EMERALD,heraldDiff,0.0,0.49793510324483775,25425
EMERALD,heraldDiff,1.0,0.6019520851818988,28175
EMERALD,baronDiff,-2.0,0.33980582524271846,515
EMERALD,baronDiff,-1.0,0.2793103448275862,4350
EMERALD,baronDiff,0.0,0.48913799768071126,64675
EMERALD,baronDiff,1.0,0.6776470588235294,4250
EMERALD,baronDiff,2.0,0.6666666666666666,495
EMERALD,atakhanDiff,-1.0,0.24433249370277077,13895
EMERALD,atakhanDiff,0.0,0.49615842441294233,46205
EMERALD,atakhanDiff,1.0,0.6984906984906984,14245
EMERALD,grubDiff,-6.0,0.3383084577114428,1005
EMERALD,grubDiff,-4.0,0.23809523809523808,525
EMERALD,grubDiff,-3.0,0.42160199682323574,22035
EMERALD,grubDiff,-2.0,0.4897959183673469,735
EMERALD,grubDiff,-1.0,0.4343558282208589,8150
EMERALD,grubDiff,0.0,0.47129909365558914,1655
EMERALD,grubDiff,1.0,0.4805491990846682,8740
EMERALD,grubDiff,2.0,0.3712121212121212,660
EMERALD,grubDiff,3.0,0.5621166987909585,28535
EMERALD,grubDiff,4.0,0.5177304964539007,705
EMERALD,grubDiff,6.0,0.615625,1600
EMERALD,outerTowerDiff,-3.0,0.05442176870748299,2940
EMERALD,outerTowerDiff,-2.0,0.13616071428571427,6720
EMERALD,outerTowerDiff,-1.0,0.2565789473684211,13680
EMERALD,outerTowerDiff,-0.0,0.48899253731343284,26800
EMERALD,outerTowerDiff,1.0,0.700248315005321,14095
EMERALD,outerTowerDiff,2.0,0.8391364902506964,7180
EMERALD,outerTowerDiff,3.0,0.9163822525597269,2930
EMERALD,innerTowerDiff,-3.0,0.0825242718446602,3090
EMERALD,innerTowerDiff,-2.0,0.14669421487603307,4840
EMERALD,innerTowerDiff,-1.0,0.2546716497597437,9365
EMERALD,innerTowerDiff,-0.0,0.48841996911991764,38860
EMERALD,innerTowerDiff,1.0,0.6888772298006296,9530
EMERALD,innerTowerDiff,2.0,0.8121645796064401,5590
EMERALD,innerTowerDiff,3.0,0.9234527687296417,3070
EMERALD,baseTowerDiff,-3.0,0.08196721311475409,610
EMERALD,baseTowerDiff,-2.0,0.11959287531806616,1965
EMERALD,baseTowerDiff,-1.0,0.18268315889628925,5255
EMERALD,baseTowerDiff,-0.0,0.486702589953068,57530
EMERALD,baseTowerDiff,1.0,0.7504078303425775,6130
EMERALD,baseTowerDiff,2.0,0.8303964757709251,2270
EMERALD,baseTowerDiff,3.0,0.9230769230769231,585
DIAMOND,goldDiff,-14500.0,0.0,55
DIAMOND,goldDiff,-14000.0,0.0,80
DIAMOND,goldDiff,-13500.0,0.0,95
DIAMOND,goldDiff,-13000.0,0.0,95
DIAMOND,goldDiff,-12500.0,0.0,200
DIAMOND,goldDiff,-12000.0,0.0,185
DIAMOND,goldDiff,-11500.0,0.023255813953488372,215
DIAMOND,goldDiff,-11000.0,0.0,305
DIAMOND,goldDiff,-10500.0,0.0,365
DIAMOND,goldDiff,-10000.0,0.03225806451612903,465
DIAMOND,goldDiff,-9500.0,0.04716981132075472,530
DIAMOND,goldDiff,-9000.0,0.02631578947368421,570
DIAMOND,goldDiff,-8500.0,0.05555555555555555,720
DIAMOND,goldDiff,-8000.0,0.03529411764705882,850
DIAMOND,goldDiff,-7500.0,0.06593406593406594,910
DIAMOND,goldDiff,-7000.0,0.06866952789699571,1165
DIAMOND,goldDiff,-6500.0,0.0944206008583691,1165
DIAMOND,goldDiff,-6000.0,0.10833333333333334,1200
DIAMOND,goldDiff,-5500.0,0.07665505226480836,1435
DIAMOND,goldDiff,-5000.0,0.11730205278592376,1705
DIAMOND,goldDiff,-4500.0,0.15472779369627507,1745
DIAMOND,goldDiff,-4000.0,0.1628440366972477,2180
DIAMOND,goldDiff,-3500.0,0.17955112219451372,2005
DIAMOND,goldDiff,-3000.0,0.2325056433408578,2215
DIAMOND,goldDiff,-2500.0,0.2597938144329897,2425
DIAMOND,goldDiff,-2000.0,0.31868131868131866,2730
DIAMOND,goldDiff,-1500.0,0.352059925093633,2670
DIAMOND,goldDiff,-1000.0,0.3942652329749104,2790
DIAMOND,goldDiff,-500.0,0.46635367762128327,3195
DIAMOND,goldDiff,0.0,0.4991624790619765,2985
DIAMOND,goldDiff,500.0,0.5567190226876091,2865
DIAMOND,goldDiff,1000.0,0.5836298932384342,2810
DIAMOND,goldDiff,1500.0,0.6686274509803921,2550
DIAMOND,goldDiff,2000.0,0.7047619047619048,2625
DIAMOND,goldDiff,2500.0,0.772256728778468,2415
DIAMOND,goldDiff,3000.0,0.8089171974522293,2355
DIAMOND,goldDiff,3500.0,0.7963386727688787,2185
DIAMOND,goldDiff,4000.0,0.8383084577114428,2010
DIAMOND,goldDiff,4500.0,0.8885542168674698,1660
DIAMOND,goldDiff,5000.0,0.9056603773584906,1590
DIAMOND,goldDiff,5500.0,0.901060070671378,1415
DIAMOND,goldDiff,6000.0,0.9333333333333333,1275
DIAMOND,goldDiff,6500.0,0.9724770642201835,1090
DIAMOND,goldDiff,7000.0,0.9545454545454546,990
DIAMOND,goldDiff,7500.0,0.967741935483871,930
DIAMOND,goldDiff,8000.0,0.9931972789115646,735
DIAMOND,goldDiff,8500.0,0.9785714285714285,700
DIAMOND,goldDiff,9000.0,1.0,555
DIAMOND,goldDiff,9500.0,0.9900990099009901,505
DIAMOND,goldDiff,10000.0,0.9838709677419355,310
DIAMOND,goldDiff,10500.0,1.0,260
DIAMOND,goldDiff,11000.0,0.9555555555555556,225
DIAMOND,goldDiff,11500.0,0.9705882352941176,170
DIAMOND,goldDiff,12000.0,0.9642857142857143,140
DIAMOND,goldDiff,12500.0,1.0,135
DIAMOND,goldDiff,13000.0,1.0,105
DIAMOND,totalKillDiff,-27.0,0.0,50
DIAMOND,totalKillDiff,-26.0,0.0,60
DIAMOND,totalKillDiff,-25.0,0.0,60
DIAMOND,totalKillDiff,-24.0,0.0,75
DIAMOND,totalKillDiff,-23.0,0.0,95
DIAMOND,totalKillDiff,-22.0,0.0,165
DIAMOND,totalKillDiff,-21.0,0.0,185
DIAMOND,totalKillDiff,-20.0,0.022727272727272728,220
DIAMOND,totalKillDiff,-19.0,0.034482758620689655,290
DIAMOND,totalKillDiff,-18.0,0.033707865168539325,445
DIAMOND,totalKillDiff,-17.0,0.057692307692307696,520
DIAMOND,totalKillDiff,-16.0,0.06481481481481481,540
DIAMOND,totalKillDiff,-15.0,0.0948905109489051,685
DIAMOND,totalKillDiff,-14.0,0.045454545454545456,770
DIAMOND,totalKillDiff,-13.0,0.07142857142857142,1190
DIAMOND,totalKillDiff,-12.0,0.07511737089201878,1065
DIAMOND,totalKillDiff,-11.0,0.10687022900763359,1310
DIAMOND,totalKillDiff,-10.0,0.1254125412541254,1515
DIAMOND,totalKillDiff,-9.0,0.17478510028653296,1745
DIAMOND,totalKillDiff,-8.0,0.17902813299232737,1955
DIAMOND,totalKillDiff,-7.0,0.19624217118997914,2395
DIAMOND,totalKillDiff,-6.0,0.21643286573146292,2495
DIAMOND,totalKillDiff,-5.0,0.23651452282157676,2410
DIAMOND,totalKillDiff,-4.0,0.31851851851851853,2700
DIAMOND,totalKillDiff,-3.0,0.34856175972927245,2955
DIAMOND,totalKillDiff,-2.0,0.3824884792626728,3255
DIAMOND,totalKillDiff,-1.0,0.4470198675496689,3020
DIAMOND,totalKillDiff,0.0,0.49079754601226994,3260
DIAMOND,totalKillDiff,1.0,0.5160771704180064,3110
DIAMOND,totalKillDiff,2.0,0.5601851851851852,3240
DIAMOND,totalKillDiff,3.0,0.6580547112462006,3290
DIAMOND,totalKillDiff,4.0,0.6444444444444445,2925
DIAMOND,totalKillDiff,5.0,0.7554347826086957,2760
DIAMOND,totalKillDiff,6.0,0.7504798464491362,2605
DIAMOND,totalKillDiff,7.0,0.8234086242299795,2435
DIAMOND,totalKillDiff,8.0,0.8134831460674158,2225
DIAMOND,totalKillDiff,9.0,0.803030303030303,1980
DIAMOND,totalKillDiff,10.0,0.8337801608579088,1865
DIAMOND,totalKillDiff,11.0,0.8825396825396825,1575
DIAMOND,totalKillDiff,12.0,0.9,1250
DIAMOND,totalKillDiff,13.0,0.8983050847457628,1180
DIAMOND,totalKillDiff,14.0,0.9251336898395722,935
DIAMOND,totalKillDiff,15.0,0.9620253164556962,790
DIAMOND,totalKillDiff,16.0,0.9553571428571429,560
DIAMOND,totalKillDiff,17.0,0.96,500
DIAMOND,totalKillDiff,18.0,0.9605263157894737,380
DIAMOND,totalKillDiff,19.0,0.9423076923076923,260
DIAMOND,totalKillDiff,20.0,0.9782608695652174,230
DIAMOND,totalKillDiff,21.0,1.0,150
DIAMOND,totalKillDiff,22.0,0.9166666666666666,120
DIAMOND,totalKillDiff,23.0,1.0,70
DIAMOND,totalKillDiff,26.0,1.0,50
DIAMOND,dragonDiff,-4.0,0.08239700374531835,1335
DIAMOND,dragonDiff,-3.0,0.16317991631799164,4780
DIAMOND,dragonDiff,-2.0,0.3028547786512205,12085
DIAMOND,dragonDiff,-1.0,0.3975741239892183,14840
DIAMOND,dragonDiff,0.0,0.5426874536005939,13470
DIAMOND,dragonDiff,1.0,0.6647819063004846,12380
DIAMOND,dragonDiff,2.0,0.7729342875731945,7685
DIAMOND,dragonDiff,3.0,0.8643478260869565,2875
DIAMOND,dragonDiff,4.0,0.9,750
DIAMOND,elderDiff,-1.0,0.43478260869565216,115
DIAMOND,elderDiff,0.0,0.49985704074338816,69950
DIAMOND,elderDiff,1.0,0.5384615384615384,130
DIAMOND,heraldDiff,-1.0,0.35176408636124273,18990
DIAMOND,heraldDiff,0.0,0.5061085519727618,24965
DIAMOND,heraldDiff,1.0,0.6010668698799772,26245
DIAMOND,baronDiff,-2.0,0.3723404255319149,470
DIAMOND,baronDiff,-1.0,0.28165007112375534,3515
DIAMOND,baronDiff,0.0,0.4997983383076551,61985
DIAMOND,baronDiff,1.0,0.6981382978723404,3760
DIAMOND,baronDiff,2.0,0.6888888888888889,450
DIAMOND,atakhanDiff,-1.0,0.28165173354109857,12835
DIAMOND,atakhanDiff,0.0,0.5021683531635717,44965
DIAMOND,atakhanDiff,1.0,0.7173387096774193,12400
DIAMOND,grubDiff,-6.0,0.2,50
DIAMOND,grubDiff,-4.0,0.25,60
DIAMOND,grubDiff,-3.0,0.4040825794479239,21555
DIAMOND,grubDiff,-2.0,0.4230769230769231,130
DIAMOND,grubDiff,-1.0,0.43782533256217465,8645
DIAMOND,grubDiff,0.0,0.41304347826086957,460
DIAMOND,grubDiff,1.0,0.5111111111111111,9450
DIAMOND,grubDiff,2.0,0.4782608695652174,230
DIAMOND,grubDiff,3.0,0.5872413793103448,29000
DIAMOND,grubDiff,4.0,0.5348837209302325,215
DIAMOND,grubDiff,6.0,0.5925925925925926,405
DIAMOND,outerTowerDiff,-3.0,0.0912280701754386,2850
DIAMOND,outerTowerDiff,-2.0,0.1545253863134658,6795
DIAMOND,outerTowerDiff,-1.0,0.2857142857142857,12740
DIAMOND,outerTowerDiff,-0.0,0.49079246844609975,24165
DIAMOND,outerTowerDiff,1.0,0.7021356313225927,13345
DIAMOND,outerTowerDiff,2.0,0.844923504867872,7190
DIAMOND,outerTowerDiff,3.0,0.9101123595505618,3115
DIAMOND,innerTowerDiff,-3.0,0.10477941176470588,2720
DIAMOND,innerTowerDiff,-2.0,0.19792746113989637,4825
DIAMOND,innerTowerDiff,-1.0,0.28197320341047505,8210
DIAMOND,innerTowerDiff,-0.0,0.49212072649572647,37440
DIAMOND,innerTowerDiff,1.0,0.695794647733479,9155
DIAMOND,innerTowerDiff,2.0,0.8280193236714976,5175
DIAMOND,innerTowerDiff,3.0,0.9177570093457944,2675
DIAMOND,baseTowerDiff,-3.0,0.13636363636363635,440
DIAMOND,baseTowerDiff,-2.0,0.10606060606060606,1650
DIAMOND,baseTowerDiff,-1.0,0.2190775681341719,4770
DIAMOND,baseTowerDiff,-0.0,0.49734783781353953,55615
DIAMOND,baseTowerDiff,1.0,0.7780797101449275,5520
DIAMOND,baseTowerDiff,2.0,0.8148148148148148,1755
DIAMOND,baseTowerDiff,3.0,0.9444444444444444,450
MASTER,goldDiff,-14500.0,0.0,50
MASTER,goldDiff,-14000.0,0.0,70
MASTER,goldDiff,-13500.0,0.0,60
MASTER,goldDiff,-13000.0,0.0,100
MASTER,goldDiff,-12500.0,0.03125,160
MASTER,goldDiff,-12000.0,0.0,155
MASTER,goldDiff,-11500.0,0.029411764705882353,170
MASTER,goldDiff,-11000.0,0.0,165
MASTER,goldDiff,-10500.0,0.02040816326530612,245
MASTER,goldDiff,-10000.0,0.015873015873015872,315
MASTER,goldDiff,-9500.0,0.010416666666666666,480
MASTER,goldDiff,-9000.0,0.019801980198019802,505
MASTER,goldDiff,-8500.0,0.06086956521739131,575
MASTER,goldDiff,-8000.0,0.051470588235294115,680
MASTER,goldDiff,-7500.0,0.09411764705882353,850
MASTER,goldDiff,-7000.0,0.0949367088607595,790
MASTER,goldDiff,-6500.0,0.08673469387755102,980
MASTER,goldDiff,-6000.0,0.06722689075630252,1190
MASTER,goldDiff,-5500.0,0.10245901639344263,1220
MASTER,goldDiff,-5000.0,0.16376306620209058,1435
MASTER,goldDiff,-4500.0,0.17484662576687116,1630
MASTER,goldDiff,-4000.0,0.16071428571428573,1680
MASTER,goldDiff,-3500.0,0.17272727272727273,1650
MASTER,goldDiff,-3000.0,0.23690773067331672,2005
MASTER,goldDiff,-2500.0,0.27251732101616627,2165
MASTER,goldDiff,-2000.0,0.31196581196581197,2340
MASTER,goldDiff,-1500.0,0.3961864406779661,2360
MASTER,goldDiff,-1000.0,0.3905579399141631,2330
MASTER,goldDiff,-500.0,0.4444444444444444,2430
MASTER,goldDiff,0.0,0.5172413793103449,2465
MASTER,goldDiff,500.0,0.5584158415841585,2525
MASTER,goldDiff,1000.0,0.5910064239828694,2335
MASTER,goldDiff,1500.0,0.6761710794297352,2455
MASTER,goldDiff,2000.0,0.6919917864476386,2435
MASTER,goldDiff,2500.0,0.7611940298507462,2010
MASTER,goldDiff,3000.0,0.8024096385542169,2075
MASTER,goldDiff,3500.0,0.8405405405405405,1850
MASTER,goldDiff,4000.0,0.8349514563106796,1545
MASTER,goldDiff,4500.0,0.8428571428571429,1400
MASTER,goldDiff,5000.0,0.9420849420849421,1295
MASTER,goldDiff,5500.0,0.914396887159533,1285
MASTER,goldDiff,6000.0,0.9029535864978903,1185
MASTER,goldDiff,6500.0,0.9351851851851852,1080
MASTER,goldDiff,7000.0,0.954248366013072,765
MASTER,goldDiff,7500.0,0.9763313609467456,845
MASTER,goldDiff,8000.0,0.9663865546218487,595
MASTER,goldDiff,8500.0,0.984251968503937,635
MASTER,goldDiff,9000.0,0.9818181818181818,550
MASTER,goldDiff,9500.0,0.9753086419753086,405
MASTER,goldDiff,10000.0,0.9733333333333334,375
MASTER,goldDiff,10500.0,1.0,295
MASTER,goldDiff,11000.0,1.0,230
MASTER,goldDiff,11500.0,1.0,220
MASTER,goldDiff,12000.0,0.96,125
MASTER,goldDiff,12500.0,1.0,150
MASTER,goldDiff,13000.0,1.0,50
MASTER,goldDiff,13500.0,1.0,50
MASTER,totalKillDiff,-23.0,0.0,70
MASTER,totalKillDiff,-22.0,0.0,90
MASTER,totalKillDiff,-21.0,0.03225806451612903,155
MASTER,totalKillDiff,-20.0,0.02702702702702703,185
MASTER,totalKillDiff,-19.0,0.046511627906976744,215
MASTER,totalKillDiff,-18.0,0.028985507246376812,345
MASTER,totalKillDiff,-17.0,0.058823529411764705,340
MASTER,totalKillDiff,-16.0,0.08333333333333333,420
MASTER,totalKillDiff,-15.0,0.0847457627118644,590
MASTER,totalKillDiff,-14.0,0.061068702290076333,655
MASTER,totalKillDiff,-13.0,0.08695652173913043,920
MASTER,totalKillDiff,-12.0,0.0966183574879227,1035
MASTER,totalKillDiff,-11.0,0.09523809523809523,1260
MASTER,totalKillDiff,-10.0,0.1444866920152091,1315
MASTER,totalKillDiff,-9.0,0.1414141414141414,1485
MASTER,totalKillDiff,-8.0,0.17543859649122806,1710
MASTER,totalKillDiff,-7.0,0.15223097112860892,1905
MASTER,totalKillDiff,-6.0,0.22084367245657568,2015
MASTER,totalKillDiff,-5.0,0.24891774891774893,2310
MASTER,totalKillDiff,-4.0,0.2881002087682672,2395
MASTER,totalKillDiff,-3.0,0.40562248995983935,2490
MASTER,totalKillDiff,-2.0,0.3712121212121212,2640
MASTER,totalKillDiff,-1.0,0.45255474452554745,2740
MASTER,totalKillDiff,0.0,0.4847908745247148,2630
MASTER,totalKillDiff,1.0,0.519774011299435,2655
MASTER,totalKillDiff,2.0,0.5347091932457786,2665
MASTER,totalKillDiff,3.0,0.6647619047619048,2625
MASTER,totalKillDiff,4.0,0.6724470134874759,2595
MASTER,totalKillDiff,5.0,0.760914760914761,2405
MASTER,totalKillDiff,6.0,0.7588495575221239,2260
MASTER,totalKillDiff,7.0,0.8287671232876712,2190
MASTER,totalKillDiff,8.0,0.8207070707070707,1980
MASTER,totalKillDiff,9.0,0.8487394957983193,1785
MASTER,totalKillDiff,10.0,0.8746081504702194,1595
MASTER,totalKillDiff,11.0,0.8771929824561403,1425
MASTER,totalKillDiff,12.0,0.8952380952380953,1050
MASTER,totalKillDiff,13.0,0.9072164948453608,970
MASTER,totalKillDiff,14.0,0.9254658385093167,805
MASTER,totalKillDiff,15.0,0.9782608695652174,690
MASTER,totalKillDiff,16.0,0.9663865546218487,595
MASTER,totalKillDiff,17.0,0.967741935483871,465
MASTER,totalKillDiff,18.0,0.9264705882352942,340
MASTER,totalKillDiff,19.0,0.9814814814814815,270
MASTER,totalKillDiff,20.0,1.0,185
MASTER,totalKillDiff,21.0,1.0,185
MASTER,totalKillDiff,22.0,0.9375,80
MASTER,totalKillDiff,23.0,1.0,105
MASTER,totalKillDiff,24.0,1.0,70
MASTER,totalKillDiff,25.0,0.9375,80
MASTER,dragonDiff,-4.0,0.08936170212765958,1175
MASTER,dragonDiff,-3.0,0.18369829683698297,4110
MASTER,dragonDiff,-2.0,0.3104935313847628,10435
MASTER,dragonDiff,-1.0,0.4138996138996139,12950
MASTER,dragonDiff,0.0,0.5588487972508591,11640
MASTER,dragonDiff,1.0,0.6843100189035917,10580
MASTER,dragonDiff,2.0,0.7736434108527132,6450
MASTER,dragonDiff,3.0,0.8640167364016736,2390
MASTER,dragonDiff,4.0,0.9433962264150944,530
MASTER,elderDiff,-1.0,0.2857142857142857,105
MASTER,elderDiff,0.0,0.5106099692102855,60085
MASTER,elderDiff,1.0,0.6666666666666666,60
MASTER,heraldDiff,-1.0,0.34455704478587773,15295
MASTER,heraldDiff,0.0,0.5203430833516605,22735
MASTER,heraldDiff,1.0,0.614484930274404,22230
MASTER,baronDiff,-2.0,0.34328358208955223,335
MASTER,baronDiff,-1.0,0.2996389891696751,2770
MASTER,baronDiff,0.0,0.5122625852848977,54230
MASTER,baronDiff,1.0,0.6981481481481482,2700
MASTER,baronDiff,2.0,0.7,200
MASTER,atakhanDiff,-1.0,0.27528938097634625,9935
MASTER,atakhanDiff,0.0,0.5160093954753369,40445
MASTER,atakhanDiff,1.0,0.7241902834008097,9880
MASTER,grubDiff,-3.0,0.37677793904209,17225
MASTER,grubDiff,-1.0,0.4744429882044561,7630
MASTER,grubDiff,1.0,0.5286549707602339,8550
MASTER,grubDiff,3.0,0.6006330292310557,26855
MASTER,outerTowerDiff,-3.0,0.08685446009389672,2130
MASTER,outerTowerDiff,-2.0,0.15100965759438104,5695
MASTER,outerTowerDiff,-1.0,0.2851143257116192,10715
MASTER,outerTowerDiff,-0.0,0.4894443096335841,20605
MASTER,outerTowerDiff,1.0,0.7065124250214224,11670
MASTER,outerTowerDiff,2.0,0.8608169440242057,6610
MASTER,outerTowerDiff,3.0,0.9312169312169312,2835
MASTER,innerTowerDiff,-3.0,0.08958837772397095,2065
MASTER,innerTowerDiff,-2.0,0.1778975741239892,3710
MASTER,innerTowerDiff,-1.0,0.2503576537911302,6990
MASTER,innerTowerDiff,-0.0,0.5076173065204144,32820
MASTER,innerTowerDiff,1.0,0.7115264797507788,8025
MASTER,innerTowerDiff,2.0,0.8418604651162791,4300
MASTER,innerTowerDiff,3.0,0.925531914893617,2350
MASTER,baseTowerDiff,-3.0,0.15625,320
MASTER,baseTowerDiff,-2.0,0.12355212355212356,1295
MASTER,baseTowerDiff,-1.0,0.2069857697283312,3865
MASTER,baseTowerDiff,-0.0,0.5102897512030307,48835
MASTER,baseTowerDiff,1.0,0.7918170878459687,4155
MASTER,baseTowerDiff,2.0,0.8506944444444444,1440
MASTER,baseTowerDiff,3.0,0.9,350
GRANDMASTER,goldDiff,-13500.0,0.0,50
GRANDMASTER,goldDiff,-12500.0,0.05263157894736842,95
GRANDMASTER,goldDiff,-12000.0,0.0,85
GRANDMASTER,goldDiff,-11500.0,0.0,125
GRANDMASTER,goldDiff,-11000.0,0.0,105
GRANDMASTER,goldDiff,-10500.0,0.038461538461538464,130
GRANDMASTER,goldDiff,-10000.0,0.0,230
GRANDMASTER,goldDiff,-9500.0,0.0,225
GRANDMASTER,goldDiff,-9000.0,0.0,280
GRANDMASTER,goldDiff,-8500.0,0.01639344262295082,305
GRANDMASTER,goldDiff,-8000.0,0.03296703296703297,455
GRANDMASTER,goldDiff,-7500.0,0.03529411764705882,425
GRANDMASTER,goldDiff,-7000.0,0.05102040816326531,490
GRANDMASTER,goldDiff,-6500.0,0.08333333333333333,540
GRANDMASTER,goldDiff,-6000.0,0.11363636363636363,660
GRANDMASTER,goldDiff,-5500.0,0.0784313725490196,765
GRANDMASTER,goldDiff,-5000.0,0.11320754716981132,795
GRANDMASTER,goldDiff,-4500.0,0.17258883248730963,985
GRANDMASTER,goldDiff,-4000.0,0.15609756097560976,1025
GRANDMASTER,goldDiff,-3500.0,0.18181818181818182,1210
GRANDMASTER,goldDiff,-3000.0,0.2534562211981567,1085
GRANDMASTER,goldDiff,-2500.0,0.22393822393822393,1295
GRANDMASTER,goldDiff,-2000.0,0.2857142857142857,1330
GRANDMASTER,goldDiff,-1500.0,0.4059040590405904,1355
GRANDMASTER,goldDiff,-1000.0,0.4588607594936709,1580
GRANDMASTER,goldDiff,-500.0,0.4766666666666667,1500
GRANDMASTER,goldDiff,0.0,0.5,1600
GRANDMASTER,goldDiff,500.0,0.6089965397923875,1445
GRANDMASTER,goldDiff,1000.0,0.6451612903225806,1550
GRANDMASTER,goldDiff,1500.0,0.6413043478260869,1380
GRANDMASTER,goldDiff,2000.0,0.7147887323943662,1420
GRANDMASTER,goldDiff,2500.0,0.7649253731343284,1340
GRANDMASTER,goldDiff,3000.0,0.7670682730923695,1245
GRANDMASTER,goldDiff,3500.0,0.8189300411522634,1215
GRANDMASTER,goldDiff,4000.0,0.8441558441558441,1155
GRANDMASTER,goldDiff,4500.0,0.8737864077669902,1030
GRANDMASTER,goldDiff,5000.0,0.9216867469879518,830
GRANDMASTER,goldDiff,5500.0,0.8896551724137931,725
GRANDMASTER,goldDiff,6000.0,0.9171974522292994,785
GRANDMASTER,goldDiff,6500.0,0.9315068493150684,730
GRANDMASTER,goldDiff,7000.0,0.9292929292929293,495
GRANDMASTER,goldDiff,7500.0,0.9176470588235294,425
GRANDMASTER,goldDiff,8000.0,0.9438202247191011,445
GRANDMASTER,goldDiff,8500.0,0.9305555555555556,360
GRANDMASTER,goldDiff,9000.0,0.927536231884058,345
GRANDMASTER,goldDiff,9500.0,0.98,250
GRANDMASTER,goldDiff,10000.0,1.0,180
GRANDMASTER,goldDiff,10500.0,0.967741935483871,155
GRANDMASTER,goldDiff,11000.0,1.0,120
GRANDMASTER,goldDiff,11500.0,0.96875,160
GRANDMASTER,goldDiff,12000.0,1.0,85
GRANDMASTER,goldDiff,12500.0,1.0,75
GRANDMASTER,goldDiff,13500.0,1.0,70
GRANDMASTER,totalKillDiff,-24.0,0.0,70
GRANDMASTER,totalKillDiff,-22.0,0.0,55
GRANDMASTER,totalKillDiff,-21.0,0.07692307692307693,65
GRANDMASTER,totalKillDiff,-20.0,0.0,95
GRANDMASTER,totalKillDiff,-19.0,0.07407407407407407,135
GRANDMASTER,totalKillDiff,-18.0,0.0,155
GRANDMASTER,totalKillDiff,-17.0,0.025,200
GRANDMASTER,totalKillDiff,-16.0,0.03636363636363636,275
GRANDMASTER,totalKillDiff,-15.0,0.03076923076923077,325
GRANDMASTER,totalKillDiff,-14.0,0.057971014492753624,345
GRANDMASTER,totalKillDiff,-13.0,0.0379746835443038,395
GRANDMASTER,totalKillDiff,-12.0,0.05982905982905983,585
GRANDMASTER,totalKillDiff,-11.0,0.06201550387596899,645
GRANDMASTER,totalKillDiff,-10.0,0.10759493670886076,790
GRANDMASTER,totalKillDiff,-9.0,0.15463917525773196,970
GRANDMASTER,totalKillDiff,-8.0,0.16355140186915887,1070
GRANDMASTER,totalKillDiff,-7.0,0.2017167381974249,1165
GRANDMASTER,totalKillDiff,-6.0,0.23106060606060605,1320
GRANDMASTER,totalKillDiff,-5.0,0.2737226277372263,1370
GRANDMASTER,totalKillDiff,-4.0,0.32673267326732675,1515
GRANDMASTER,totalKillDiff,-3.0,0.36054421768707484,1470
GRANDMASTER,totalKillDiff,-2.0,0.4050632911392405,1580
GRANDMASTER,totalKillDiff,-1.0,0.4661016949152542,1770
GRANDMASTER,totalKillDiff,0.0,0.526984126984127,1575
GRANDMASTER,totalKillDiff,1.0,0.5260273972602739,1825
GRANDMASTER,totalKillDiff,2.0,0.6132596685082873,1810
GRANDMASTER,totalKillDiff,3.0,0.7068403908794788,1535
GRANDMASTER,totalKillDiff,4.0,0.6753246753246753,1540
GRANDMASTER,totalKillDiff,5.0,0.7387096774193549,1550
GRANDMASTER,totalKillDiff,6.0,0.7378640776699029,1545
GRANDMASTER,totalKillDiff,7.0,0.8178137651821862,1235
GRANDMASTER,totalKillDiff,8.0,0.8188405797101449,1380
GRANDMASTER,totalKillDiff,9.0,0.8502024291497976,1235
GRANDMASTER,totalKillDiff,10.0,0.844559585492228,965
GRANDMASTER,totalKillDiff,11.0,0.8354430379746836,790
GRANDMASTER,totalKillDiff,12.0,0.8880597014925373,670
GRANDMASTER,totalKillDiff,13.0,0.8796296296296297,540
GRANDMASTER,totalKillDiff,14.0,0.9285714285714286,560
GRANDMASTER,totalKillDiff,15.0,0.9054054054054054,370
GRANDMASTER,totalKillDiff,16.0,0.9565217391304348,345
GRANDMASTER,totalKillDiff,17.0,0.9444444444444444,270
GRANDMASTER,totalKillDiff,18.0,0.8461538461538461,195
GRANDMASTER,totalKillDiff,19.0,0.9655172413793104,145
GRANDMASTER,totalKillDiff,20.0,0.9444444444444444,90
GRANDMASTER,totalKillDiff,21.0,0.8888888888888888,135
GRANDMASTER,totalKillDiff,22.0,1.0,75
GRANDMASTER,totalKillDiff,23.0,1.0,70
GRANDMASTER,dragonDiff,-4.0,0.21428571428571427,630
GRANDMASTER,dragonDiff,-3.0,0.19829424307036247,2345
GRANDMASTER,dragonDiff,-2.0,0.3109567901234568,6480
GRANDMASTER,dragonDiff,-1.0,0.4566608493310064,8595
GRANDMASTER,dragonDiff,0.0,0.5806223479490806,7070
GRANDMASTER,dragonDiff,1.0,0.6758409785932722,6540
GRANDMASTER,dragonDiff,2.0,0.7576142131979695,3940
GRANDMASTER,dragonDiff,3.0,0.7983870967741935,1240
GRANDMASTER,dragonDiff,4.0,0.825,200
GRANDMASTER,elderDiff,0.0,0.5186137809665629,36935
GRANDMASTER,elderDiff,1.0,0.5454545454545454,55
GRANDMASTER,heraldDiff,-1.0,0.376131221719457,8840
GRANDMASTER,heraldDiff,0.0,0.5292338709677419,14880
GRANDMASTER,heraldDiff,1.0,0.600975975975976,13320
GRANDMASTER,baronDiff,-2.0,0.43478260869565216,115
GRANDMASTER,baronDiff,-1.0,0.2857142857142857,1435
GRANDMASTER,baronDiff,0.0,0.5213801238572693,33910
GRANDMASTER,baronDiff,1.0,0.6885813148788927,1445
GRANDMASTER,baronDiff,2.0,0.5416666666666666,120
GRANDMASTER,atakhanDiff,-1.0,0.31024930747922436,5415
GRANDMASTER,atakhanDiff,0.0,0.5268650947042907,25870
GRANDMASTER,atakhanDiff,1.0,0.6768027801911382,5755
GRANDMASTER,grubDiff,-3.0,0.4011127971674254,9885
GRANDMASTER,grubDiff,-1.0,0.4547970479704797,5420
GRANDMASTER,grubDiff,1.0,0.5634648370497427,5830
GRANDMASTER,grubDiff,3.0,0.5966677145551713,15905
GRANDMASTER,outerTowerDiff,-3.0,0.07346938775510205,1225
GRANDMASTER,outerTowerDiff,-2.0,0.14566284779050737,3055
GRANDMASTER,outerTowerDiff,-1.0,0.27769679300291544,6860
GRANDMASTER,outerTowerDiff,-0.0,0.5102753005040713,12895
GRANDMASTER,outerTowerDiff,1.0,0.7143830947511929,7335
GRANDMASTER,outerTowerDiff,2.0,0.8514851485148515,4040
GRANDMASTER,outerTowerDiff,3.0,0.9233128834355828,1630
GRANDMASTER,innerTowerDiff,-3.0,0.06635071090047394,1055
GRANDMASTER,innerTowerDiff,-2.0,0.1394335511982571,2295
GRANDMASTER,innerTowerDiff,-1.0,0.2595907928388747,3910
GRANDMASTER,innerTowerDiff,-0.0,0.5179425837320574,20900
GRANDMASTER,innerTowerDiff,1.0,0.7431289640591966,4730
GRANDMASTER,innerTowerDiff,2.0,0.8128440366972477,2725
GRANDMASTER,innerTowerDiff,3.0,0.8736842105263158,1425
GRANDMASTER,baseTowerDiff,-3.0,0.2608695652173913,115
GRANDMASTER,baseTowerDiff,-2.0,0.0859375,640
GRANDMASTER,baseTowerDiff,-1.0,0.20689655172413793,1740
GRANDMASTER,baseTowerDiff,-0.0,0.5159802830338687,31445
GRANDMASTER,baseTowerDiff,1.0,0.8083140877598153,2165
GRANDMASTER,baseTowerDiff,2.0,0.8496732026143791,765
GRANDMASTER,baseTowerDiff,3.0,0.7941176470588235,170
CHALLENGER,goldDiff,-12000.0,0.0,90
CHALLENGER,goldDiff,-11500.0,0.041666666666666664,120
CHALLENGER,goldDiff,-11000.0,0.0,95
CHALLENGER,goldDiff,-10500.0,0.0,150
CHALLENGER,goldDiff,-10000.0,0.0,180
CHALLENGER,goldDiff,-9500.0,0.0,140
CHALLENGER,goldDiff,-9000.0,0.020833333333333332,240
CHALLENGER,goldDiff,-8500.0,0.020833333333333332,240
CHALLENGER,goldDiff,-8000.0,0.04819277108433735,415
CHALLENGER,goldDiff,-7500.0,0.045454545454545456,330
CHALLENGER,goldDiff,-7000.0,0.061855670103092786,485
CHALLENGER,goldDiff,-6500.0,0.09195402298850575,435
CHALLENGER,goldDiff,-6000.0,0.125,560
CHALLENGER,goldDiff,-5500.0,0.09285714285714286,700
CHALLENGER,goldDiff,-5000.0,0.12578616352201258,795
CHALLENGER,goldDiff,-4500.0,0.1206896551724138,870
CHALLENGER,goldDiff,-4000.0,0.13612565445026178,955
CHALLENGER,goldDiff,-3500.0,0.20408163265306123,980
CHALLENGER,goldDiff,-3000.0,0.23979591836734693,980
CHALLENGER,goldDiff,-2500.0,0.22624434389140272,1105
CHALLENGER,goldDiff,-2000.0,0.3375,1200
CHALLENGER,goldDiff,-1500.0,0.396078431372549,1275
CHALLENGER,goldDiff,-1000.0,0.4460431654676259,1390
CHALLENGER,goldDiff,-500.0,0.42758620689655175,1450
CHALLENGER,goldDiff,0.0,0.5105633802816901,1420
CHALLENGER,goldDiff,500.0,0.5484949832775919,1495
CHALLENGER,goldDiff,1000.0,0.6229508196721312,1525
CHALLENGER,goldDiff,1500.0,0.6413043478260869,1380
CHALLENGER,goldDiff,2000.0,0.7272727272727273,1265
CHALLENGER,goldDiff,2500.0,0.7258687258687259,1295
CHALLENGER,goldDiff,3000.0,0.8211382113821138,1230
CHALLENGER,goldDiff,3500.0,0.8755555555555555,1125
CHALLENGER,goldDiff,4000.0,0.798941798941799,945
CHALLENGER,goldDiff,4500.0,0.8557213930348259,1005
CHALLENGER,goldDiff,5000.0,0.8502994011976048,835
CHALLENGER,goldDiff,5500.0,0.9140625,640
CHALLENGER,goldDiff,6000.0,0.9318181818181818,660
CHALLENGER,goldDiff,6500.0,0.9291338582677166,635
CHALLENGER,goldDiff,7000.0,0.9130434782608695,460
CHALLENGER,goldDiff,7500.0,0.9285714285714286,420
CHALLENGER,goldDiff,8000.0,0.9333333333333333,375
CHALLENGER,goldDiff,8500.0,0.9365079365079365,315
CHALLENGER,goldDiff,9000.0,0.9473684210526315,285
CHALLENGER,goldDiff,9500.0,0.9838709677419355,310
CHALLENGER,goldDiff,10000.0,1.0,210
CHALLENGER,goldDiff,10500.0,1.0,150
CHALLENGER,goldDiff,11000.0,0.9523809523809523,105
CHALLENGER,goldDiff,11500.0,0.9583333333333334,120
CHALLENGER,goldDiff,12500.0,1.0,80
CHALLENGER,totalKillDiff,-22.0,0.0,50
CHALLENGER,totalKillDiff,-21.0,0.0,50
CHALLENGER,totalKillDiff,-20.0,0.058823529411764705,85
CHALLENGER,totalKillDiff,-19.0,0.05263157894736842,95
CHALLENGER,totalKillDiff,-18.0,0.038461538461538464,130
CHALLENGER,totalKillDiff,-17.0,0.03125,160
CHALLENGER,totalKillDiff,-16.0,0.044444444444444446,225
CHALLENGER,totalKillDiff,-15.0,0.06557377049180328,305
CHALLENGER,totalKillDiff,-14.0,0.10714285714285714,280
CHALLENGER,totalKillDiff,-13.0,0.0410958904109589,365
CHALLENGER,totalKillDiff,-12.0,0.09090909090909091,495
CHALLENGER,totalKillDiff,-11.0,0.12121212121212122,495
CHALLENGER,totalKillDiff,-10.0,0.1297709923664122,655
CHALLENGER,totalKillDiff,-9.0,0.1286549707602339,855
CHALLENGER,totalKillDiff,-8.0,0.135678391959799,995
CHALLENGER,totalKillDiff,-7.0,0.1875,1040
CHALLENGER,totalKillDiff,-6.0,0.21030042918454936,1165
CHALLENGER,totalKillDiff,-5.0,0.2537878787878788,1320
CHALLENGER,totalKillDiff,-4.0,0.31521739130434784,1380
CHALLENGER,totalKillDiff,-3.0,0.4027777777777778,1440
CHALLENGER,totalKillDiff,-2.0,0.39692307692307693,1625
CHALLENGER,totalKillDiff,-1.0,0.4938650306748466,1630
CHALLENGER,totalKillDiff,0.0,0.5615615615615616,1665
CHALLENGER,totalKillDiff,1.0,0.5375722543352601,1730
CHALLENGER,totalKillDiff,2.0,0.5784313725490197,1530
CHALLENGER,totalKillDiff,3.0,0.6621621621621622,1480
CHALLENGER,totalKillDiff,4.0,0.6710526315789473,1520
CHALLENGER,totalKillDiff,5.0,0.7077464788732394,1420
CHALLENGER,totalKillDiff,6.0,0.7429577464788732,1420
CHALLENGER,totalKillDiff,7.0,0.8267716535433071,1270
CHALLENGER,totalKillDiff,8.0,0.8185654008438819,1185
CHALLENGER,totalKillDiff,9.0,0.8508771929824561,1140
CHALLENGER,totalKillDiff,10.0,0.8571428571428571,805
CHALLENGER,totalKillDiff,11.0,0.8846153846153846,650
CHALLENGER,totalKillDiff,12.0,0.8787878787878788,660
CHALLENGER,totalKillDiff,13.0,0.9072164948453608,485
CHALLENGER,totalKillDiff,14.0,0.9411764705882353,425
CHALLENGER,totalKillDiff,15.0,0.958904109589041,365
CHALLENGER,totalKillDiff,16.0,0.9516129032258065,310
CHALLENGER,totalKillDiff,17.0,0.8888888888888888,135
CHALLENGER,totalKillDiff,18.0,0.84375,160
CHALLENGER,totalKillDiff,19.0,0.896551724137931,145
CHALLENGER,totalKillDiff,20.0,1.0,95
CHALLENGER,totalKillDiff,21.0,0.9583333333333334,120
CHALLENGER,totalKillDiff,23.0,0.8181818181818182,55
CHALLENGER,dragonDiff,-4.0,0.09803921568627451,510
CHALLENGER,dragonDiff,-3.0,0.21145374449339208,2270
CHALLENGER,dragonDiff,-2.0,0.33974358974358976,6240
CHALLENGER,dragonDiff,-1.0,0.4542124542124542,8190
CHALLENGER,dragonDiff,0.0,0.5963808025177026,6355
CHALLENGER,dragonDiff,1.0,0.6931034482758621,5800
CHALLENGER,dragonDiff,2.0,0.76103500761035,3285
CHALLENGER,dragonDiff,3.0,0.815,1000
CHALLENGER,dragonDiff,4.0,0.7894736842105263,190
CHALLENGER,elderDiff,0.0,0.5216104203670812,33780
CHALLENGER,heraldDiff,-1.0,0.37516869095816463,7410
CHALLENGER,heraldDiff,0.0,0.5312041116005873,13620
CHALLENGER,heraldDiff,1.0,0.5956284153005464,12810
CHALLENGER,baronDiff,-2.0,0.4230769230769231,130
CHALLENGER,baronDiff,-1.0,0.2923728813559322,1180
CHALLENGER,baronDiff,0.0,0.5242687238829958,31110
CHALLENGER,baronDiff,1.0,0.6679245283018868,1325
CHALLENGER,baronDiff,2.0,0.5294117647058824,85
CHALLENGER,atakhanDiff,-1.0,0.30991735537190085,4840
CHALLENGER,atakhanDiff,0.0,0.5285954583683767,23780
CHALLENGER,atakhanDiff,1.0,0.6848659003831418,5220
CHALLENGER,grubDiff,-3.0,0.39272134709397066,9205
CHALLENGER,grubDiff,-1.0,0.5091277890466531,4930
CHALLENGER,grubDiff,1.0,0.6080305927342257,5230
CHALLENGER,grubDiff,3.0,0.5761658031088083,14475
CHALLENGER,outerTowerDiff,-3.0,0.075,1000
CHALLENGER,outerTowerDiff,-2.0,0.17142857142857143,2800
CHALLENGER,outerTowerDiff,-1.0,0.27455919395465994,5955
CHALLENGER,outerTowerDiff,-0.0,0.5135473113797415,11995
CHALLENGER,outerTowerDiff,1.0,0.709143268538517,6945
CHALLENGER,outerTowerDiff,2.0,0.8201634877384196,3670
CHALLENGER,outerTowerDiff,3.0,0.9220338983050848,1475
CHALLENGER,innerTowerDiff,-3.0,0.08379888268156424,895
CHALLENGER,innerTowerDiff,-2.0,0.14936708860759493,1975
CHALLENGER,innerTowerDiff,-1.0,0.2727272727272727,3685
CHALLENGER,innerTowerDiff,-0.0,0.5182707153885744,19430
CHALLENGER,innerTowerDiff,1.0,0.7558962264150944,4240
CHALLENGER,innerTowerDiff,2.0,0.8172268907563025,2380
CHALLENGER,innerTowerDiff,3.0,0.8502024291497976,1235
CHALLENGER,baseTowerDiff,-3.0,0.08333333333333333,120
CHALLENGER,baseTowerDiff,-2.0,0.13414634146341464,410
CHALLENGER,baseTowerDiff,-1.0,0.190625,1600
CHALLENGER,baseTowerDiff,-0.0,0.5223957439505749,29135
CHALLENGER,baseTowerDiff,1.0,0.7974025974025974,1925
CHALLENGER,baseTowerDiff,2.0,0.7850467289719626,535
CHALLENGER,baseTowerDiff,3.0,0.8695652173913043,115
